ID,borough,nearby_park_or_place,type_of_place_nearby,intersection,notes,Longitude,Latitude
1,Saint-Léonard,Delorme,Bocce,rue Loranger/rue Péguy,,-73.589462375603,45.5920117541965
2,Saint-Léonard,Delorme,Pavilion,rue Loranger/rue Péguy,,-73.5900550494669,45.5921889147626
3,Saint-Léonard,Delorme,Pavilion,rue Loranger/rue Péguy,,-73.590040938345,45.5921810073908
4,Saint-Léonard,Delorme,Mountain,rue Loranger/rue Péguy,,-73.5890077418093,45.5907806932441
5,Saint-Léonard,Delorme,Basketball and Soccer,entrée boulevard Robert,,-73.5915819002069,45.5925740874714
6,Saint-Léonard,Ferland,Pavilion,rue Belcourt /boulevard Lavoisier,,-73.5984647530588,45.5961980909595
7,Saint-Léonard,Ferland,Pool,rue Belcourt /boulevard Lavoisier,Restricted Access,-73.5981981170499,45.5960352715738
8,Saint-Léonard,Pie-XII,Bocce,rue Jean-Marie Lefebvre/boul. Lavoisier,,-73.6059972563072,45.5900956399991
9,Saint-Léonard,Pie-XII,Basketball,rue Dujarié/rue Le Corbusier,,-73.6060284435696,45.5894381057632
10,Saint-Léonard,Pie-XII,Pool,rue Dujarié/rue de Nevers,Restricted Access,-73.6068224849356,45.5890746447919
11,Saint-Léonard,Pie-XII,Pool,rue Dujarié/rue de Nevers,Restricted Access,-73.6068315662484,45.5890650981076
12,Saint-Léonard,Coubertin,Pavilion,rue Valéry/rue Narbonne,,-73.6100041217273,45.5839130808075
13,Saint-Léonard,Coubertin,Pavilion,rue Valéry/rue Narbonne,,-73.6100040937848,45.5838987735332
14,Saint-Léonard,Luigi-Pirandello,Bocce,rue Jean-Rivard/rue de Nice,,-73.6035641400041,45.5780721805316
15,Saint-Léonard,Hébert (Stade),Baseball,rue Colbert/boul. Métropolitain Est,,-73.5941673390367,45.5737277378482
16,Saint-Léonard,Hébert (Stade),Soccer,rue de Viterbe/rue de Viterbe,,-73.5923116621237,45.5732411836133
17,Saint-Léonard,Hébert (Stade),Pavilion,rue Colbert/boul. Provencher,,-73.5919814726014,45.5722136618172
18,Saint-Léonard,Hébert (Stade),Stadium (entry from the basement),rue Colbert/boul. Métropolitain Est,,-73.5932939085551,45.5736529585964
19,Saint-Léonard,Hébert (Parc),Pool,rue Colbert/boul. Provencher,Restricted Access,-73.5923881127418,45.5724354122334
20,Saint-Léonard,Hébert (Parc),Pool,rue Colbert/boul. Provencher,Restricted Access,-73.5924035942125,45.5724223521469
21,Saint-Léonard,Hébert (Parc),Pool,rue Colbert/boul. Provencher,Restricted Access,-73.5925605285234,45.5726463732631
22,Saint-Léonard,Hébert (Parc),Pool,rue Colbert/boul. Provencher,Restricted Access,-73.592533862021,45.5726361367813
23,Saint-Léonard,Hébert (Parc),Pool,rue Colbert/boul. Provencher,Restricted Access,-73.5925146265321,45.5726258042923
24,Saint-Léonard,Hébert (Parc),Pool,rue Colbert/boul. Provencher,Restricted Access,-73.5924906525568,45.5726167354014
25,Saint-Léonard,Hébert (Parc),Sandbox,rue Colbert/boul. Provencher,,-73.5925672274284,45.5720446501215
26,Saint-Léonard,Ladauversière,Bocce,rue de Meudon/boul. Lacordaire,,-73.5836212582356,45.5813032552857
27,Saint-Léonard,Ladauversière,Pool,rue de Meudon/boul. Lacordaire,Restricted Access,-73.5831753467495,45.5815818084528
28,Saint-Léonard,Ladauversière,Pool,rue de Meudon/boul. Lacordaire,Restricted Access,-73.5826505511845,45.5818120960631
29,Saint-Léonard,Ladauversière,Pool,rue de Meudon/boul. Lacordaire,Restricted Access,-73.5825407914425,45.5818530277291
30,Saint-Léonard,Ladauversière,Pool,rue de Meudon/boul. Lacordaire,Restricted Access,-73.5831346339605,45.5815200197243
31,Saint-Léonard,Ladauversière,Baseball,rue Jean-Talon Est/rue de Pontoise,,-73.5808727253446,45.5824710546093
32,Saint-Léonard,Giuseppe-Garibaldi,Pool,rue de Côme/rue La Dauversière,Restricted Access,-73.5720554549725,45.586726764106
33,Saint-Léonard,Giuseppe-Garibaldi,Pavilion,rue de Côme/rue La Dauversière,,-73.5722386990733,45.5863128166389
34,Saint-Léonard,Giuseppe-Garibaldi,Pavilion,rue de Côme/rue La Dauversière,,-73.5722725434083,45.586321793531
35,Saint-Léonard,Giuseppe-Garibaldi,Baseball,rue Liénard/rue La Dauversière,,-73.573825856362,45.5863819887031
36,Saint-Léonard,Saint-Léonard,Stage Pavilion,boul. Lacordaire/rue des Galets,,-73.5946773947037,45.5859184052737
37,Saint-Léonard,Saint-Léonard,Stage Pavilion,boul. Lacordaire/rue des Galets,,-73.5945994705437,45.5858381150145
38,Saint-Léonard,Saint-Léonard,Stage Pavilion,boul. Lacordaire/rue des Galets,,-73.5945097246301,45.585967944774
39,Saint-Léonard,Saint-Léonard,Stage Pavilion,boul. Lacordaire/rue des Galets,,-73.5944713944749,45.5858842922942
40,Saint-Léonard,aréna Martin-Brodeur,Soccer,rue des Galets/rue de l'Aunis,,-73.5984285768339,45.5859888409044
41,Saint-Léonard,aréna Martin-Brodeur,Ice Rink,rue des Galets/rue de l'Aunis,,-73.5986417349467,45.5849130902329
42,Saint-Léonard,aréna Martin-Brodeur,Ice Rink,rue des Galets/rue de l'Aunis,,-73.5985866818955,45.5849428321497
43,Ahuntsic-Cartierville,Prieur,Community Garden,rue Sackville/rue Prieur Est,Restricted Access,-73.6492557330476,45.5779311872942
44,Ahuntsic-Cartierville,,Community Garden,rue Frémont/avenue De Chateaubriand,Restricted Access,-73.6517253756271,45.5526940005986
45,Ahuntsic-Cartierville,,Community Garden,rue Deschamps/rue Letellier,Restricted Access,-73.6947896703629,45.54433039908
46,Ahuntsic-Cartierville,,Community Garden,rue Deschamps/rue Letellier,Restricted Access,-73.694770687498,45.5443958495668
47,Ahuntsic-Cartierville,du Petit-Bois-Franc,Community Garden,rue Dudemaine/rue Grenet,Restricted Access,-73.7062448098801,45.5245019742243
48,Ahuntsic-Cartierville,Ahuntsic (près de),Community Garden,avenue Durham/boul. Henri-Bourassa Est,Restricted Access,-73.6660281500602,45.5570096029911
49,Ahuntsic-Cartierville,Marcelin-Wilson,Community Garden,avenue Marcelin-Wilson/rue Defoy,Restricted Access,-73.6829442674349,45.5373640079733
50,Ahuntsic-Cartierville,Saint-Sulpice (JC),Community Garden,ave Émile-Journault/ave André-Grasset,Restricted Access,-73.6353215573431,45.5572512175254
51,Ahuntsic-Cartierville,Saint-Sulpice (JC),Community Garden,ave Émile-Journault/ave André-Grasset,Restricted Access,-73.6359696810356,45.5565590150628
52,Ahuntsic-Cartierville,Du Sault-au-Récollets (JC),Community Garden,rue du Pressoir (tourne-bride)/boul. Gouin Est,Restricted Access,-73.6597333507135,45.5762499897693
53,Ahuntsic-Cartierville,Ahuntsic,,rue Lajeunesse/rue Prieur Est,,-73.6666752827003,45.5561106256678
54,Ahuntsic-Cartierville,Avila-Vidal,Playground,rue Filion/rue de la Paix,,-73.6956836482083,45.5294523034188
55,Ahuntsic-Cartierville,De Beauséjour,,boul. Gouin Ouest/rue Henri-D'Arles,,-73.7322973382624,45.5286325299218
56,Ahuntsic-Cartierville,Du Cardinal-Paul-Émile-Léger,,rue Chabanel Est/ave De Galinée,,-73.6423652483467,45.5591179113194
57,Ahuntsic-Cartierville,Du Boisé-De-Saint-Sulpice,,ave Olivier-Maurault/rue Legendre Est,,-73.6412550160094,45.5543426076567
58,Ahuntsic-Cartierville,De Bordeaux,,rue Viel/boul. de l'Acadie,,-73.6998012836626,45.5418407134645
59,Ahuntsic-Cartierville,Roland-Giguère,,Place de l'Acadie (tourne-bride),,-73.6807158813563,45.5321924961963
60,Ahuntsic-Cartierville,D'Auteuil,Baseball,rue Saint-Denis/rue Sauvé Est,,-73.6558510868443,45.548822033059
61,Ahuntsic-Cartierville,D'Auteuil,Pavilion,rue Saint-Denis/rue Sauvé Est,,-73.656726185786,45.5497439773201
62,Ahuntsic-Cartierville,D'Auteuil,,rue Saint-Denis/rue Sauvé Est,,-73.6573986293738,45.5493096019002
63,Ahuntsic-Cartierville,Ahuntsic,,rue Lajeunesse/rue Prieur Est,,-73.6625782814415,45.5567615314066
64,Ahuntsic-Cartierville,Ahuntsic,,rue Lajeunesse/rue Prieur Est,,-73.6625782814415,45.5567615314066
65,Ahuntsic-Cartierville,De la Merci,,boul. Gouin Est/rue Poincaré,,-73.6971768320911,45.546311432748
66,Ahuntsic-Cartierville,De Mésy,,rue Legault/rue Grenet,,-73.7173913333422,45.5299710451682
67,Ahuntsic-Cartierville,Des Hirondelles,,rue Fleury Est/rue Larose,,-73.6398878627745,45.5758117920313
68,Ahuntsic-Cartierville,Des Hirondelles,,rue Fleury Est/rue Larose,,-73.6405440732804,45.5747544042729
69,Ahuntsic-Cartierville,Des Hirondelles,,rue Fleury Est/rue Larose,,-73.6416693125804,45.5761367754353
70,Ahuntsic-Cartierville,Des Hirondelles,,rue Fleury Est/rue Larose,,-73.6451861649691,45.5780371229728
71,Ahuntsic-Cartierville,Gabriel-Lalemant,,rue de Lille/rue Sauvé Est,,-73.6428677953635,45.5712120325848
72,Ahuntsic-Cartierville,Gabreil-Lalemand,,rue Sauvé Est/rue de Lille,,-73.6427889586055,45.5712962654717
73,Ahuntsic-Cartierville,Henri-Julien,,rue Saint-Denis/rue Legendre Est,,-73.642721792405,45.5713851628507
74,Ahuntsic-Cartierville,Henri-Julien,,rue Saint-Denis/rue Legendre Est,,-73.6494626952386,45.5476492655392
75,Ahuntsic-Cartierville,Henri-Julien,,rue Saint-Denis/rue Legendre Est,,-73.6494426055465,45.5476072694801
76,Ahuntsic-Cartierville,Henri-Julien,,rue Saint-Denis/rue Legendre Est,,-73.6497191443933,45.5467068913082
77,Ahuntsic-Cartierville,Henri-Julien,,rue Saint-Denis/rue Legendre Est,,-73.6508982296043,45.5477578781529
78,Ahuntsic-Cartierville,Henri-Julien,,rue Saint-Denis/rue Legendre Est,,-73.6508734730469,45.5477909348337
79,Ahuntsic-Cartierville,Henri-Julien,,rue Saint-Denis/rue Legendre Est,,-73.6509515792422,45.5479768277479
80,Ahuntsic-Cartierville,Henri-Julien,,rue Saint-Denis/rue Legendre Est,,-73.64850176061,45.5474357279059
81,Ahuntsic-Cartierville,Henri-Julien,,rue Saint-Denis/rue Legendre Est,,-73.6535310960871,45.5482994905555
82,Ahuntsic-Cartierville,Henri-Julien,,rue Saint-Denis/rue Legendre Est,,-73.6518824127463,45.5483717917014
83,Ahuntsic-Cartierville,J.-J.-Gagnier,,rue J.-J.-Gagnier/rue Prieur Est,,-73.6488193836909,45.5802413529268
84,Ahuntsic-Cartierville,Jean-Matucci,,ave. André-Grasset/ave. Émile-Journault,,-73.6344498765934,45.5562683676585
85,Ahuntsic-Cartierville,Jean-Matucci,,ave. André-Grasset/ave. Émile-Journault,,-73.6343665173268,45.5560638433353
86,Ahuntsic-Cartierville,Jeanne-Sauvé (parc du pont Ahuntsic),,rue Basile-Routhier/ave. Parc Stanley,,-73.6727725677358,45.5570751877587
87,Ahuntsic-Cartierville,Lefebvre,,rue Cousineau/rue Laurin,,-73.7225482655434,45.5273791165665
88,Ahuntsic-Cartierville,Lomer-Gouin,,rue De Saint-Firmin/boul. Gouin Est,,-73.6588687254571,45.5732535859795
89,Ahuntsic-Cartierville,De Louisbourg,,rue De Louisbourg/rue De Meulles,,-73.7067627243823,45.5294555533529
90,Ahuntsic-Cartierville,De Louisbourg,,rue De Louisbourg/rue De Meulles,,-73.7071842802365,45.5284007181151
91,Ahuntsic-Cartierville,De Louisbourg,,rue De Louisbourg/rue De Meulles,,-73.7073931971887,45.5289187362999
92,Ahuntsic-Cartierville,Marcelin-Wilson,,boul. de l'Acadie/rue Dudemaine,,-73.685260469424,45.536981803372
93,Ahuntsic-Cartierville,Marcelin-Wilson,,boul. de l'Acadie/rue Dudemaine,,-73.6850089618831,45.5368939368997
94,Ahuntsic-Cartierville,Marcelin-Wilson,,boul. de l'Acadie/rue Dudemaine,,-73.684801672572,45.536780083019
95,Ahuntsic-Cartierville,Marcelin-Wilson,,boul. de l'Acadie/rue Dudemaine,,-73.6844835434965,45.5366404025044
96,Ahuntsic-Cartierville,Maurice-Richard,,ave. Park Stanley/rue Basile-Routhier,,-73.6734838273432,45.5574869538941
97,Ahuntsic-Cartierville,Nicolas-Viel,,boul. Gouin Ouest/rue Saint-Urbain,,-73.6771934103038,45.5506792271636
98,Ahuntsic-Cartierville,Nicolas-Viel,,boul. Gouin Ouest/rue Saint-Urbain,,-73.6771769284716,45.5507326129766
99,Ahuntsic-Cartierville,Olympia/Gouin,,boul. Gouin Est/boul. Olympia,,-73.6640177269551,45.5638052642209
100,Ahuntsic-Cartierville,Stanley/rue piétonne,,ave. Park Stanley/ave. Durham,,-73.6730682536757,45.5577618537941
101,Ahuntsic-Cartierville,Rosanne-Laflamme,,boul. O'Brien/rue Dudemaine,,-73.7000558338182,45.5278963770113
102,Ahuntsic-Cartierville,Saint-Alphonse,,ave. Émile-Journault/ave. De Chateaubriand,,-73.6404690611218,45.5496462564262
103,Ahuntsic-Cartierville,Saint-Alphonse,,ave. Émile-Journault/ave. De Chateaubriand,,-73.6385525514253,45.5488434239487
104,Ahuntsic-Cartierville,Saint-André-Apôtre,,rue Prieur Ouest/ave. de l'Esplanade,,-73.6706663041195,45.5461633503817
105,Ahuntsic-Cartierville,Saint-André-Apôtre,,rue Prieur Ouest/ave. de l'Esplanade,,-73.6713051933843,45.5462414897022
106,Ahuntsic-Cartierville,Saint-Benoît,,rue Meilleur/rue Sauvé Ouest,,-73.6662590343114,45.5406996525384
107,Ahuntsic-Cartierville,Sainte-Odile,,rue De Salaberry/rue Marsan,,-73.7046395979109,45.5344463717281
108,Ahuntsic-Cartierville,Sainte-Odile,,rue De Salaberry/rue Marsan,,-73.7051788515544,45.5351755330588
109,Ahuntsic-Cartierville,Sainte-Odile,,rue De Salaberry/rue Marsan,,-73.709632861559,45.5357790660945
110,Ahuntsic-Cartierville,Saint-Paul-de-la-Croix,,rue Sauriol Est/ave. Hamel,,-73.6533169667666,45.5613000527922
111,Ahuntsic-Cartierville,Saint-Paul-de-la-Croix,,ave. Hamel/rue Sauvé Est,,-73.6518528982769,45.5606196642886
112,Ahuntsic-Cartierville,Saint-Simon-Apôtre,,rue Meunier/rue Legendre Est,,-73.6491787141556,45.5399291284247
113,Ahuntsic-Cartierville,de Salaberry,,rue Pasteur/rue de Louisbourg,,-73.6939334879104,45.5384889439353
114,Ahuntsic-Cartierville,du Sault-au-Récollet,,ave. Charton/rue Fleury Est,,-73.6527218623452,45.5698711311723
115,Ahuntsic-Cartierville,du Sault-au-Récollet,,ave. Charton/rue Fleury Est,,-73.6532883620273,45.5706590755614
116,Ahuntsic-Cartierville,Tolhurst,,rue Tolhurst/rue Fleury Ouest,,-73.6653709519651,45.5440461751636
117,Ahuntsic-Cartierville,Victor-Barbeau,,rue Lucien-Plante/rue Ernest-Savignac,,-73.6308590500136,45.5566860114634
118,Lachine,,Running Path,rue Esther-Blondin/rue Duff Court,Part of école secondaire Dalbé-Viau,-73.6798985861241,45.4451622720691
119,Lachine,Carignan,,42² ave/rue Provost,,-73.7020236724136,45.4431155533198
120,Lachine,Dixie,,rue Victoria/54²ave,,-73.7182296445682,45.4437631502532
121,Lachine,de la Renaissance,,ter. Louis-Basile_pigeon/ter.J.-S.-Aimé-Ashby,,-73.6897527879088,45.445640706095
122,Lachine,Lasalle,,rue Victoria/10e ave,,-73.6728397903953,45.437535220174
123,Lachine,Lasalle,,16e ave/rue Remembrance,,-73.6765978490507,45.4378129256955
124,Lachine,Lasalle,Stadium,rue Saint-Ambroise/10e ave,,-73.672423508368,45.4393881073424
125,Lachine,Lasalle,Opposite a stadium,10e ave/rue Saint-Ambroise,,-73.6727478256452,45.4393154491021
126,Lachine,Lasalle,,rue Saint-Antoine/13e ave,,-73.6767358769674,45.4397322791747
127,Lachine,Stoney Point,,boul. Saint-Joseph/46e ave,,-73.7067515964051,45.4363967988034
128,Lachine,Saint-Louis,,boul. Saint-Joseph/32e ave,,-73.6926492640046,45.4332382208168
129,Lachine,Village Saint-Louis,,rue Dalbé-Viau,,-73.6964223087907,45.4441525043676
130,Lachine,Monk,,boul. Saint-Joseph/7e ave,,-73.6706391802007,45.431138677538
131,Lachine,Brewster,,rue Broadway/44e ave,,-73.7046890287225,45.4366741589851
132,Lachine,Grovehill,,rue Saint-Antoine/33e ave,,-73.6941458049357,45.4405555457854
133,Lachine,Rosewood,,rue Rosewood/ave de Mount Vernon,,-73.6525687702489,45.4498375420882
134,Lachine,Wilfrid-Vincent,,rues des Érables/ave Richardson,,-73.6527685400731,45.4438508299377
135,Lachine,Sainte-Anne,,rue Provost/24e ave,,-73.6848264937758,45.4416422802227
137,Villeray–Saint-Michel–Parc-Extension,Frédéric-Back,,rue des Regrattiers/rue Paul-Boutet,Big Park,-73.6159214617419,45.5598991674733
138,Verdun,Arthur-Therrien,,boul. Gaétan-Laberge/rue Rhéaume,,-73.5618509460977,45.4669954529513
139,Verdun,Arthur-Therrien,,boul. Gaétan-Laberge/rue Hickson,,-73.5619567276014,45.4639798217384
140,Verdun,Lacoursière,,chemin du Golf/rue des Camélias,,-73.5503228895368,45.4661808111553
141,Verdun,Desmarchais,,boul. Lasalle/5e ave,,-73.5636526445142,45.4555796005352
142,Verdun,Centre communautaire Marcel Giroux,Backyard,rue Willibrord/rue Bannantyne,,-73.5767392694651,45.4593206045246
143,Verdun,Adrien-D.Archambault,Soccer,boulevard de la Forêt,,-73.5575254659587,45.4551155581432
144,Verdun,Adrien-D.Archambault,Soccer,boulevard de la Forêt,,-73.5576731886907,45.4562913183312
145,Verdun,Duquette,,rue Newmarch/rue Dupuis,,-73.5747106391521,45.4657870976596
146,Verdun,Elgard,Tennis,rue Elgar (tourne-bride),,-73.5475127202215,45.4577031823754
147,Verdun,Archie-Wilcox,Community Garden,boul. Lasalle/rue Melrose,,-73.5650169713038,45.4528678517425
148,Verdun,Natatorium,Pool,boul. Lasalle/rue Stephens,Restricted Access,-73.5760669275707,45.4435183172986
149,Verdun,Natatorium,Pool,boul. Lasalle/rue Stephens,Restricted Access,-73.575884733325,45.4436827515381
150,Verdun,Natatorium,Pool,boul. Lasalle/rue Stephens,Restricted Access,-73.575646168602,45.4430852277618
151,Verdun,Norman-Dawe,,rue Woodland/rue Bannantyne,,-73.5785749067769,45.4524965101464
152,Verdun,Adrien-D.Archambault,,Chemin de la Pointe-Sud/rue des Parulines,,-73.5507369114423,45.4488619304488
153,Verdun,de l'Honorable-George-O'Reilly,,boul. Lasalle/rue Riverview,,-73.5721698999103,45.446345212171
154,Verdun,de l'Honorable-George-O'Reilly,,boul. Lasalle/rue Godin,,-73.571253956423,45.4466583057978
155,Verdun,De La Fontaine,Tennis,place de la Fontaine (tourne-bride),,-73.5443273472831,45.4638387384392
156,Verdun,De La Fontaine,,place de la Fontaine (tourne-bride),,-73.5450773947526,45.4632595718719
157,Verdun,,,Chemin de la Pointe-Nord/rue de la Rotonde,,-73.5385718408805,45.4729874270676
158,Verdun,de la Reine-Élizabeth,,rue Crawford/rue Penniston,,-73.5920859768643,45.4386758464251
159,Verdun,Arthur-Therrien,Baseball,boul. Gaétan-Laberge,,-73.5611583002149,45.4661432191555
160,Verdun,Arthur-Therrien,Baseball,boul. Gaétan-Laberge,,-73.561403419828,45.4663509527397
161,Verdun,Labelle,,rue Henri-Duhamel/rue de Verdun,,-73.5703510944878,45.4725128131732
162,Verdun,Willibrord,,rue Bannantyne/rue Willibrord,,-73.5757226676873,45.4593696049074
163,Verdun,Woodland,,rue Woodland/rue Wellington,,-73.5672351528308,45.4519641070232
164,Verdun,De La Fontaine,,place de la Fontaine (tourne-bride),,-73.5435736539818,45.4640211579132
165,Verdun,De La Fontaine,,place de la Fontaine (tourne-bride),,-73.5438047638256,45.4645625987446
166,Verdun,De La Fontaine,,place de la Fontaine/rue Berlioz,,-73.5426107195395,45.4631473176096
167,Le Sud-Ouest,Brewster,,ave Brewster/rue Saint-Jacques,,-73.5823240386162,45.4826469881113
168,Le Sud-Ouest,David-Lefebvre,,rue Vinet/rue Quesnel,,-73.5775155295401,45.4862699828013
169,Le Sud-Ouest,de l'Encan,,boul. Georges-Vanier/rue Notre-Dame Ouest,,-73.5726343253176,45.4848761802612
170,Le Sud-Ouest,des Cordonniers,,rue Bourget/rue Notre-Dame Ouest,,-73.5804463900214,45.4791076096942
171,Le Sud-Ouest,Gadbois,,rue des Utilités publiques/chemin de la Côte-Saint-Paul,,-73.5954335341273,45.4673778042842
172,Le Sud-Ouest,Jacques-Viger,,rue Saint-Philippe/rue Sainte-Philomène,,-73.5838802610298,45.4753755433897
173,Le Sud-Ouest,Jessie-Maxwell-Smith,,rue Saint-Antoine Ouest/place Richmond,,-73.573105482213,45.4917088555216
174,Le Sud-Ouest,Polyvalente Saint-Henri,,rue du Couvent/rue Saint-Antoine Ouest,,-73.5867765105778,45.4789693490225
175,Le Sud-Ouest,Sainte-Cunégonde,,rue Notre-Dame Ouest/rue Charlevoix,,-73.5764108203221,45.4823498281249
176,Le Sud-Ouest,Vinet,,rue Charlevoix/rue Workman,,-73.5762352264456,45.4830422871593
177,Le Sud-Ouest,Square Sainte-Élizabeth,,rue du square Sainte-Élizabeth/rue De Courcelle,,-73.5928857645931,45.4749009247713
178,Le Sud-Ouest,Place Roland-Proulx,,rue du Square-Sir-Georges-Étienne-Cartier/rue Saint-Ambroise,,-73.5844099682367,45.4724179838495
179,Le Sud-Ouest,Herb-Trawick,,rue Notre-DAme Ouest/rue Saint-Martin,,-73.5692264965382,45.4888036927982
180,Le Sud-Ouest,Carré d'Hibernia,,rue Grand Trunk/rue Laprairie,,-73.5642528439406,45.47902230252
181,Le Sud-Ouest,D'Argenson,Baseball,rue du Centre/ave Atwater,,-73.5720882355495,45.4764657502313
182,Le Sud-Ouest,Le Ber,,ave Ash/rue Le Ber,,-73.5548173880031,45.4777428686637
183,Le Sud-Ouest,Le Ber,,ave Ash/rue Le Ber,,-73.5532402728631,45.4781436865964
184,Le Sud-Ouest,Atwater / Saint-Charles,,rue Saint-Charles/rue Thomas-Keefer,,-73.5734377874211,45.4774675902691
185,Le Sud-Ouest,Saint-Gabriel,,rue Charlevoix/rue Grand Trunk,,-73.5672559124382,45.4777071572516
186,Le Sud-Ouest,Campbell-Ouest ou parc Oscar-Peterson,,rue Quesnel/rue Chatham,,-73.57418119232,45.488973622905
187,Le Sud-Ouest,Clifford,,boul. de la Vérendrye/rue Raudot,,-73.5890054278174,45.4498383470737
188,Le Sud-Ouest,des Métallos,,rue Jacques-Hertel/rue Mazzarin,,-73.6017353229602,45.4584242631163
189,Le Sud-Ouest,Garneau,,boul. Monk/rue du Parc-Garneau,,-73.594823118893,45.4556941253771
190,Le Sud-Ouest,Springland,,rue Springland/boul. De La Vérendrye,,-73.5832967233019,45.4541579786506
191,LaSalle,Albert-Perras,,rue Perras/rue Jean-Chevalier,,-73.6118183619702,45.4348181093229
192,LaSalle,Boivin,,rue de Cabano/rue de Percé,,-73.6332774068654,45.4189804032321
193,LaSalle,Chevalier-De Lasalle,Tennis,80e avenue/rue de Matane,,-73.6380555972055,45.4188856422998
194,LaSalle,Chevalier-De Lasalle,Soccer,,Approximate Location,-73.641071636068,45.4189491764593
195,LaSalle,Centre sportif Dollard St-Laurent,Water Playground,,Approximate Location,-73.6285436881101,45.4215623865836
196,LaSalle,Christophe-Colomb,Playground,rue David-Boyer/rue Réjane,,-73.6272185684087,45.4302548521999
197,LaSalle,Dalmany,Playground,rue Dalmany/avenue Stirling,,-73.6589350007125,45.4294593367135
198,LaSalle,Hayward,Playground,rue Hayward,Approximate Location,-73.6488966975097,45.4228735048442
199,LaSalle,Hébert,Playground,rue Beyries/66e avenue,Approximate Location / Street Access?,-73.626716348459,45.4196476449072
200,LaSalle,J.-D.-Ducharme,,rue rancourt/rue Daoust,,-73.6245326578798,45.4276188979357
201,LaSalle,Leduc,,rue Béique/rue Paquette,Approximate Location,-73.6326316324772,45.4280408115093
202,LaSalle,Jeannotte,Playground,rue Clément/rue Trudeau,,-73.6399056652547,45.4321332210644
203,LaSalle,Lacharité,Softball,ave Latour/boul LaSalle,,-73.6234161119837,45.4161818615722
204,LaSalle,Lasalle-Nord,Playground,rue Chouinard/rue Lapierre,,-73.6175450084565,45.4376188232935
205,LaSalle,Lawrence,Playground,66e ave/rue Beyries,,-73.6265018911661,45.4180814126424
206,LaSalle,Lefebvre,Playground,rue Cordner/rue Hardy,,-73.634685870491,45.4377854480139
207,LaSalle,Leroux,Soccer,rue Centrale/ave Alepin,,-73.5953393982553,45.4342093635957
208,LaSalle,Leroux,Playground,rue Centrale/ave Alepin,,-73.5965437828214,45.434527980104
209,LaSalle,Louis-Marie-Gagnon,Playground,rue des Oblats/rue Airlie,,-73.6547754286876,45.4260586476609
210,LaSalle,G.-Melatti,Playground,rue Melatti,,-73.6088321180635,45.4325916952546
211,LaSalle,Mohawk,,rue Dalmany/ave Highlands,,-73.6567186097983,45.4295625529705
212,LaSalle,Ouellette,Baseball,rue Giguère,,-73.6221530305268,45.4335045364018
213,LaSalle,Ouellette,Pool,rue Robert/rue Charbonneau,Restricted Access,-73.621120394966,45.4329927192033
214,LaSalle,Paul-Séguin,Playground,rue Raymond/30e ave,,-73.6132345770209,45.4245610706648
215,LaSalle,Raymond,Soccer,boul. Bishop-Power/rue Centrale,,-73.602219870511,45.427670830128
216,LaSalle,Riverside,Playground,35e ave/ave Vachon,,-73.6128954691008,45.4197092936004
217,LaSalle,Riverside,mini-Soccer,35e ave/ave Vachon,,-73.613940987062,45.4205576296981
218,Outremont,Beaubien,Playground,ave Stuart/ave Saint-Viateur,,-73.6077364834767,45.5157838258671
219,Outremont,Beaubien,Pond,ave Stuart/ave Saint-Viateur,,-73.6090196650693,45.5157369865025
220,Outremont,parc canin,,ave McEachran/ave du Manoir,,-73.6207656541679,45.5199625225131
221,Outremont,F.-X.-Garneau,,place Elmwood/ave Outremont,,-73.6049806530182,45.5165503567389
222,Outremont,John-F. Kennedy,Pool,ave Ducharme/ave Wiseman,Restricted Access,-73.6162948452321,45.5215697770223
223,Outremont,Joyce,Playground,ave Lajoie/ave Antonine-maillet,,-73.6153303978899,45.5152852780852
224,Outremont,Joyce,Cabin,ave Lajoie/ave Antonine-maillet,,-73.6145591747501,45.5149385354707
225,Outremont,Joyce,Tennis,ave Lajoie/ave Antonine-maillet,,-73.6148253046165,45.5151437919886
226,Outremont,d'Oakwood,Tennis,ave Roskilde/ave Springgrove,,-73.6006672038924,45.5132601008522
227,Outremont,Pratt,Pond,ave Van Horne/ave Dunlop,,-73.6196206633243,45.5147691263294
228,Outremont,Raoul-Dandurand,,ave Van Horne/boul Dollard,Near Parc Stanislas,-73.61611429535,45.5186783237126
229,Outremont,Saint-Viateur,Playground,ave Querbes/ave Bernard,,-73.6061231785313,45.5205847261625
230,Outremont,Saint-Viateur,Tennis #3,ave Querbes/ave Bernard,Restricted Access,-73.6063347728387,45.5208573609582
231,Outremont,Saint-Viateur,Tennis #4,ave Querbes/ave Bernard,Restricted Access,-73.6065635836433,45.5209591896189
232,Outremont,CCI,,ave McEachran/ave du Manoir,Intergenerational Community Center,-73.6200848877841,45.5200031031151
233,Plateau-Mont-Royal,des Açores (ou Hôtel-de-Ville),Playground,ave de l'Hôtel-de-Ville/rue Rachel Est,,-73.579459345197,45.5193507480139
234,Plateau-Mont-Royal,Albert-Saint-Martin,Playground,rue Berri/rue De Bienville,,-73.5832520737098,45.5256963277821
235,Plateau-Mont-Royal,Alphonse-Télésphore-Lépine,,ave De Gaspé/ave Fairmount Est,,-73.5927315825684,45.5259214543915
236,Plateau-Mont-Royal,des Amériques,,boul Saint-Laurent/rue Rachel Est,,-73.5818253093539,45.5182674694248
237,Plateau-Mont-Royal,Baldwin,,rue Fullum/rue Marie-Anne Est,Approximate Location,-73.5661161238705,45.5366298617974
238,Plateau-Mont-Royal,Baldwin,,rue Fullum/rue Marie-Anne Est,Approximate Location,-73.5676910787635,45.5370917259121
239,Plateau-Mont-Royal,De Bullion,,rue De Bullion/rue Prince-Arthur Est,,-73.5719821586527,45.5158995961116
240,Plateau-Mont-Royal,des Compagnons-de-Saint-Laurent,,ave du Mont-Royal Est/rue Cartier,,-73.5731234880642,45.5337849827221
241,Plateau-Mont-Royal,Devonshire,,rue Sewell/ave des Pins Ouest,,-73.5762066620594,45.5146957480695
242,Plateau-Mont-Royal,Drolet / Rachel,,rue Drolet/rue Rachel Est,,-73.579993018156,45.5217209147616
243,Plateau-Mont-Royal,Gilles-Lefebvre,Water Playground,ave Henri-Julien/ave du Mont-Royal Est,,-73.5842884338338,45.5233385278252
244,Plateau-Mont-Royal,Jean-Jacques-Olier,,rue Drolet/ave Duluth Est,,-73.575504650277,45.5196905106462
245,Plateau-Mont-Royal,de la Bolduc,,rue Rachel Est/rue Rivard,,-73.5774026461476,45.5223710340807
246,Plateau-Mont-Royal,Lahaie,,ave Laurier Est/rue saint-Dominique,,-73.5919296087411,45.5232830529216
247,Plateau-Mont-Royal,Laval,,ave Laval/rue du Square-Saint-Louis,,-73.5719824432553,45.5169259544878
248,Plateau-Mont-Royal,Lhasa-de-Sela (Clark),,rue Clark/rue Saint-Urbain,,-73.6047958203969,45.5273722729354
249,Plateau-Mont-Royal,Louis-Reitman,,rue saint-Dominique/rue Roy Est,,-73.5759371986965,45.5159980875607
250,Plateau-Mont-Royal,du Portugal,,boul Saint-Laurent/rue Marie-Anne Est,,-73.5836100612599,45.519250062716
260,Plateau-Mont-Royal,Saint-Pierre-Claver,,rue Fullum/rue Gilford,,-73.5737130584537,45.5396405676612
261,Plateau-Mont-Royal,Thérèse-Daviau (Roy/Rivard),,rue Roy Est/rue Rivard,,-73.572113629292,45.5201239951802
262,Plateau-Mont-Royal,University Settlement,,rue Clark/rue Milton,,-73.5717409367901,45.5126132576154
263,Plateau-Mont-Royal,Palomino Brin D'Amour (Villeneuve),,ave Henri-Julien/rue Gilford,,-73.5857857095901,45.5240470268704
264,Rivière-des-Prairies–Pointe-aux-Trembles,Centre récréatif RDP,Tennis,ave Fernand-Gauthier/boul Maurice-Duplessis,Restricted Access,-73.5947277283662,45.6265737945856
265,Rivière-des-Prairies–Pointe-aux-Trembles,École Bosco-Ville,Private,10950 boul Perras,"Approximate Location, Restricted Access/Private Property",-73.5438212615417,45.665910706859
266,Rivière-des-Prairies–Pointe-aux-Trembles,Jean-Jacques-Rousseau,Community Garden,rue La Galissionnière/rue des Philosophes,Restricted Access,-73.5498997179818,45.6615153940499
267,Rivière-des-Prairies–Pointe-aux-Trembles,Jardin commun. Les Deux Sapins,Community Garden,89e ave/boul Perras,Restricted Access,-73.5394927761062,45.6727125600457
268,Rivière-des-Prairies–Pointe-aux-Trembles,Albéric-Bourgeois,,ave André-Ampère/25e ave,,-73.5897624542843,45.637203539682
269,Rivière-des-Prairies–Pointe-aux-Trembles,André-Corbeil-Dit_Tranchemontagne,,boul Gouin Est/26e ave,,-73.5971765318649,45.6439787969703
270,Rivière-des-Prairies–Pointe-aux-Trembles,Armand-Bombardier,,ave Charles-Renard/ave Octave-Pelletier,,-73.5960812971405,45.6407184120555
271,Rivière-des-Prairies–Pointe-aux-Trembles,Cécile-Bérubé,,ave Élie-Beauregard/rue Joseph De Montenon,,-73.5982026870833,45.6343566679258
272,Rivière-des-Prairies–Pointe-aux-Trembles,Claudine-Vallerand,,27e ave/rue Pierre-Magnet,,-73.5839668805398,45.6316710700366
273,Rivière-des-Prairies–Pointe-aux-Trembles,Conrad-Poirier,,boul Perras/ave Salomon-Marion,Approximate Location,-73.5970854930095,45.636874065219
274,Rivière-des-Prairies–Pointe-aux-Trembles,Dollard-Morin,,rue La Valinière/ave René-Descartes,,-73.5927868785874,45.6278356800796
275,Rivière-des-Prairies–Pointe-aux-Trembles,Dollard-Morin,,boul Maurice-Duplessis/15e ave,,-73.5935401623173,45.6279586115232
276,Rivière-des-Prairies–Pointe-aux-Trembles,Dollard-Morin,,rue La Valinière/ave René-Descartes,Approximate Location,-73.5929175112119,45.6277257954617
277,Rivière-des-Prairies–Pointe-aux-Trembles,Dollard-Morin,,rue La Valinière/ave René-Descartes,Approximate Location,-73.5928068383731,45.6273408510092
278,Rivière-des-Prairies–Pointe-aux-Trembles,Alexis-Carrel (Don Bosco),,boul Perras/ave Alfred-Nobel,,-73.5886597395037,45.6444593895548
279,Rivière-des-Prairies–Pointe-aux-Trembles,du Moulin-du-Rapide,,rue de Clichy/58e ave,,-73.5720519518042,45.6601734597883
280,Rivière-des-Prairies–Pointe-aux-Trembles,Edmondo-Chiodini,,4e rue/60e ave,,-73.5652924509159,45.6559032049528
281,Rivière-des-Prairies–Pointe-aux-Trembles,Ernest-Rouleau,,boul Gouin Est/ave Ozias-Leduc,,-73.6161539886417,45.631426741294
282,Rivière-des-Prairies–Pointe-aux-Trembles,Ferdinand-Biondi,,ave Auguste-Picard/ave Éli-Beauregard,,-73.595214758102,45.6299531257986
283,Rivière-des-Prairies–Pointe-aux-Trembles,Gérard-Picard,,boul Rodolphe-Forget/ave Louis-Dessaules,,-73.5757097072896,45.6468694265539
284,Rivière-des-Prairies–Pointe-aux-Trembles,Gerry-Roufs,,boul Gouin Est/ave Pierre-Baillargeon,,-73.5868589931791,45.6508639831311
285,Rivière-des-Prairies–Pointe-aux-Trembles,Marie-Cardinal,,rue Jacques-Rousseau (tourne-bride),,-73.6056298657726,45.6354062534361
286,Rivière-des-Prairies–Pointe-aux-Trembles,Pasquale-Gatusso,,Place Gilles-Trottier,,-73.5759409148921,45.6361577123321
287,Rivière-des-Prairies–Pointe-aux-Trembles,Renée-Vautelet,,ave Pierre-Baillargeon/rue Albert-Chamberland,,-73.5848537001502,45.6502260782468
288,Rivière-des-Prairies–Pointe-aux-Trembles,Pierre-Blanchet,,ave Philippe-Panneton/ave André-Ampère,,-73.6036104430683,45.6275430221672
289,Rivière-des-Prairies–Pointe-aux-Trembles,Pierre-Dagenais-dis-Lépine,,boul Gouin Est/48e ave,,-73.5811788549883,45.6549743960093
290,Rivière-des-Prairies–Pointe-aux-Trembles,Pierre-Perrault,,boul Gouin Est/ave Rita-Levi-Montalcini,,-73.5931346852597,45.647034984532
291,Rivière-des-Prairies–Pointe-aux-Trembles,Saint-Valérien,,boul Perras/87e ave,,-73.5421227985137,45.670446602873
292,Rivière-des-Prairies–Pointe-aux-Trembles,Saint-Marthe,,rue Jacques-Rousseau/ave Jean-Jalbot,Approximate Location,-73.5996698963546,45.6387683040063
293,Rivière-des-Prairies–Pointe-aux-Trembles,Samuel-Morse,,ave André-Dumas/ave André-Ampère,,-73.5851955617989,45.6386771653639
294,Rivière-des-Prairies–Pointe-aux-Trembles,Marie-Coron (Urgel-Charbonneau),,rue René-Lévesque/36e ave,,-73.4998655187484,45.6596515204152
295,Rivière-des-Prairies–Pointe-aux-Trembles,Gérard-Vaillancourt,,rue Ontario Est/47e ave,,-73.5016270830346,45.6672187053992
296,Rivière-des-Prairies–Pointe-aux-Trembles,Rodrigue-Gilbert Sud,,rue Joseph-Dargent/rue Joseph-Janot,Approximate Location,-73.4988696436189,45.6517629828106
297,Rivière-des-Prairies–Pointe-aux-Trembles,Pierre-Lacroix (Jardins commun.),Community Garden,rue Parent/18e ave,Restricted Access,-73.4953975516274,45.6462679653216
298,Rivière-des-Prairies–Pointe-aux-Trembles,Richelieu (Jardins commun.),Community Garden,rue Forsyth/40e ave,Restricted Access,-73.5044710490445,45.6636387962139
299,Rivière-des-Prairies–Pointe-aux-Trembles,Maria-Goreti (Jardins commun.),Community Garden,Ter. Sainte-Maria-Goreti/94e ave,Restricted Access,-73.4823910915763,45.6979561971675
300,Rivière-des-Prairies–Pointe-aux-Trembles,Parc-école Notre-Dame,,rue Notre-Dame Est/57e ave,,-73.4937489797824,45.6730551163016
301,Rivière-des-Prairies–Pointe-aux-Trembles,Beausoleil,,rue Beausoleil/rue Beaudoin,,-73.4925320743857,45.6855691322943
302,Rivière-des-Prairies–Pointe-aux-Trembles,des Bouleaux,,rue des Bouleaux/rue Reeves,,-73.5008703471647,45.6475185349384
303,Rivière-des-Prairies–Pointe-aux-Trembles,de la Rivière,,rue Pierre-Mercure/rue Napoléon-Brisebois,,-73.4913279397998,45.6991768303512
304,Rivière-des-Prairies–Pointe-aux-Trembles,du Bout-de-L'île,,rue Bureau (tourne-bride),Approximate Location,-73.4782217819081,45.7022177972606
305,Rivière-des-Prairies–Pointe-aux-Trembles,Clémentine-De la Rousselière,,rue Notre-Dame Est/boul De La Rousselière,,-73.4939973453372,45.6682187958388
306,Rivière-des-Prairies–Pointe-aux-Trembles,du Colombier,,rue du Colombier,,-73.4941547659083,45.6490084007415
307,Rivière-des-Prairies–Pointe-aux-Trembles,Daniel-Johnson,,boul du Tricentenaire/rue Joseph-Dargent,,-73.4998655414445,45.650168507952
308,Rivière-des-Prairies–Pointe-aux-Trembles,des Épinettes,,rue des Épinettes/rue des Bois-Francs,,-73.5074016198203,45.6490748971834
309,Rivière-des-Prairies–Pointe-aux-Trembles,François-La Bernarde,,place François-La Bernarde/rue Antoine-Chaudillon,,-73.4900977653473,45.6918205825659
310,Rivière-des-Prairies–Pointe-aux-Trembles,François-Vaillancourt,,rue René-Lévesque/31e ave,Approximate Location,-73.5007615391156,45.6559043136076
311,Rivière-des-Prairies–Pointe-aux-Trembles,de Montmartre,,rue De Montigny/60e ave,,-73.4974406547523,45.675821022807
312,Rivière-des-Prairies–Pointe-aux-Trembles,Richelieu,,rue Forsyth/40e ave,,-73.5049503557438,45.663533677752
313,Rivière-des-Prairies–Pointe-aux-Trembles,Rosaire-Prieur (Prince-Albert),,rue Prince-Albert/8e ave,,-73.4923313762802,45.6388528260918
314,Rivière-des-Prairies–Pointe-aux-Trembles,Saint-Georges,,place Saint-Georges,,-73.4922493185835,45.6543927173063
315,Rivière-des-Prairies–Pointe-aux-Trembles,Saint-Jean-Baptiste,,boul Saint-Jean-Baptiste/rue René-Lévesque,,-73.5004984937151,45.641074921293
316,Rivière-des-Prairies–Pointe-aux-Trembles,Saint-Joseph,,boul Gouin Est/68e ave,,-73.5610189860566,45.6608722053241
317,Rivière-des-Prairies–Pointe-aux-Trembles,Saint-Joseph,,boul Gouin Est/68e ave,,-73.5627437515313,45.6620952934889
318,Rivière-des-Prairies–Pointe-aux-Trembles,Saint-Joseph,,boul Gouin Est/68e ave,,-73.562780101447,45.6623546910069
319,Rivière-des-Prairies–Pointe-aux-Trembles,Maria-Goretti,,rue Notre-Dame Est/85e ave,,-73.4876546992836,45.6916357030358
320,Rivière-des-Prairies–Pointe-aux-Trembles,Yves-Thériault / Sherbrooke,,ave Yves-Thériault/rue Thérèse-Giroux,,-73.503654360129,45.6795549569747
321,Rivière-des-Prairies–Pointe-aux-Trembles,Polyvalente Pointe-aux-Trembles,,rue Sherbrooke Est/rue Damien-Gauthier,Approximate Location,-73.4950662909077,45.684397441752
322,Rivière-des-Prairies–Pointe-aux-Trembles,Polyvalente Pointe-aux-Trembles,,rue Sherbrooke Est/rue Damien-Gauthier,Approximate Location,-73.4948940075222,45.6843932050549
323,Rivière-des-Prairies–Pointe-aux-Trembles,Polyvalente Pointe-aux-Trembles,,rue Sherbrooke Est/rue Damien-Gauthier,Approximate Location,-73.4950480699597,45.6842979214975
324,Rivière-des-Prairies–Pointe-aux-Trembles,Polyvalente Pointe-aux-Trembles,,rue Sherbrooke Est/rue Damien-Gauthier,Approximate Location,-73.4948819476775,45.6843085319858
325,Rivière-des-Prairies–Pointe-aux-Trembles,Victoria-Girard,,rue Forsyth/rue Jean-Leduc,Approximate Location,-73.5072672364081,45.6545960182082
326,Rivière-des-Prairies–Pointe-aux-Trembles,Place du Village,,rue Notre-Dame Est/boul Saint-Jean-Baptiste,Approximate Location,-73.4891493529637,45.6397791143472
327,Rivière-des-Prairies–Pointe-aux-Trembles,Rampe de mise à l'eau,,rue Notre-Dame Est/36e ave,,-73.4903500448747,45.6590620918888
328,Rivière-des-Prairies–Pointe-aux-Trembles,Francesco-Lacurto,,rue Maude-Abbott/rue Charlotte-Tassé,,-73.5962849236484,45.6250173275932
329,Rivière-des-Prairies–Pointe-aux-Trembles,Perh-Kalm,,ave Rolland-Germain/rue Marcel-Raymond,,-73.5516383166077,45.6636496191226
330,Rivière-des-Prairies–Pointe-aux-Trembles,René-Masson,,boul Rodolphe-Forget/boul Perras,,-73.5787744063546,45.6520269216699
331,Rivière-des-Prairies–Pointe-aux-Trembles,des Pins,,42e ave/rue Cherrier,,-73.5166419220824,45.6665664872244
332,Rivière-des-Prairies–Pointe-aux-Trembles,Marie-Claire-Daveluy,,ave Jean-Yves-Bigras/ave Louis-Dessaules,,-73.568685627373,45.6497603082497
333,Rosemont–La Petite-Patrie,Beaubien,,rue Beaubien Est/6e ave,Approximate Location,-73.5901828013251,45.5538240277343
334,Rosemont–La Petite-Patrie,Beaubien,,rue Beaubien Est/6e ave,Approximate Location,-73.5899824271494,45.5537890021944
335,Rosemont–La Petite-Patrie,Bélanger/Chateaubriand,,reu Bélanger/ave De Chateaubriand,,-73.6103980942254,45.5382802355238
336,Rosemont–La Petite-Patrie,Carmela-Galardo-Frascarelli,,rue Drolet/rue Bélanger,,-73.6122881509997,45.5363391532123
337,Rosemont–La Petite-Patrie,des Carrières,,rue des Carrières/rue Boyer,,-73.5933337903976,45.5335932596698
338,Rosemont–La Petite-Patrie,de la Cité-Jardin,,boul Rosemont/ave des Épinettes,Approximate Location,-73.5618604308963,45.571328802495
339,Rosemont–La Petite-Patrie,Dante,,rue Dante/ave De Gaspé,,-73.6118452895708,45.534353285395
340,Rosemont–La Petite-Patrie,De Gaspé,,ave De Gaspé/rue Saint-Zotique Est,,-73.6092363202975,45.5331128635227
341,Rosemont–La Petite-Patrie,Étienne-Desmarteau,,rue Beaubien Est/20e ave,,-73.5802658762942,45.5605593085642
342,Rosemont–La Petite-Patrie,Étienne-Desmarteau,,rue Beaubien Est/20e ave,,-73.579743067258,45.5604340578906
343,Rosemont–La Petite-Patrie,Étienne-Desmarteau,,rue Beaubien Est/20e ave,Approximate Location,-73.580228136977,45.5596936947573
344,Rosemont–La Petite-Patrie,Étienne-Desmarteau,,rue Beaubien Est/20e ave,Approximate Location,-73.5796021742768,45.5595356718738
345,Rosemont–La Petite-Patrie,Étienne-Desmarteau,,rue Beaubien Est/20e ave,Approximate Location,-73.580458905653,45.5593846194073
346,Rosemont–La Petite-Patrie,Étienne-Desmarteau,,rue Beaubien Est/20e ave,Approximate Location,-73.5798046925694,45.5591752369886
347,Rosemont–La Petite-Patrie,Guglielmo-Marconi (Jean-Talon/Saint-Laurent),,boul Saint-Laurent/rue Jean-Talon Est,,-73.6177000391677,45.5347939026664
348,Rosemont–La Petite-Patrie,Guido-Nincheri,,rue Sherbrooke Est/boul Pie-IX,Approximate Location,-73.5550329452937,45.5541991942267
349,Rosemont–La Petite-Patrie,Place Hector-Prud'homme,,rue Saint-Hubert/rue de Bellechasse,,-73.5996695855457,45.534821225472
350,Rosemont–La Petite-Patrie,Henri-Valade,,place Henri-Valade/boul Saint-Joseph Est,,-73.5680958032691,45.5485321897072
351,Rosemont–La Petite-Patrie,Idola-Saint-Jean,,boul Rosemont/18e ave,,-73.5771331604392,45.5577514646343
352,Rosemont–La Petite-Patrie,J.-Arthur-Champagne,,ave du Mont-Royal Est/rue Henri-Deslongchamps,,-73.5612798510165,45.5518258482451
353,Rosemont–La Petite-Patrie,Jean-Duceppe,,rue William-Tremblay/rue André-Laurendeau,,-73.5646217144162,45.5430828197083
354,Rosemont–La Petite-Patrie,Jean-Duceppe,,rue William-Tremblay/rue André-Laurendeau,Approximate Location,-73.5665082570232,45.5438570361742
355,Rosemont–La Petite-Patrie,Jean-Et-Èva-Tremblay,,place Guillet/18e ave,Approximate Location,-73.5588355149888,45.5515786887867
356,Rosemont–La Petite-Patrie,Joseph-N.-Drapeau,,place Joseph-N.-Drapeau/rue William-Tremblay,,-73.5605785591755,45.5485374132424
357,Rosemont–La Petite-Patrie,Joseph-Paré,,rue Beaubien Est/43e ave,,-73.5698572068049,45.574743553736
358,Rosemont–La Petite-Patrie,Lafond,,boul Saint-Joseph Est/13e ave,,-73.5679958795843,45.551481280461
359,Rosemont–La Petite-Patrie,Lafond,,boul Saint-Joseph Est/13e ave,Approximate Location,-73.5688836456202,45.5522768328883
360,Rosemont–La Petite-Patrie,Lafond,,boul Saint-Joseph Est/13e ave,Approximate Location,-73.5685996582237,45.5522437998584
361,Rosemont–La Petite-Patrie,Lafond,,boul Saint-Joseph Est/13e ave,Approximate Location,-73.5684828061569,45.5522061668725
362,Rosemont–La Petite-Patrie,Maisonneuve (gorf municipal),,rue Sherbrooke Est/boul de L'Assomption,,-73.5567563057624,45.5721598378904
363,Rosemont–La Petite-Patrie,Maisonneuve (gorf municipal),,rue Sherbrooke Est/boul de L'Assomption,Approximate Location,-73.5568314351581,45.5691602094482
364,Rosemont–La Petite-Patrie,Léon-Provancher,,boul Pix-IX/rue Dandurand,Approximate Location,-73.5696309860435,45.5603741713975
365,Rosemont–La Petite-Patrie,des Locomotives,,rue Omer-Lavallée/ave du Midway,,-73.5619045517758,45.5457089675548
366,Rosemont–La Petite-Patrie,de la Louisiane,,rue de Bellechasse/35e ave,Approximate Location,-73.5708947790953,45.5688287676533
367,Rosemont–La Petite-Patrie,de la Louisiane,,rue de Bellechasse/35e ave,Approximate Location,-73.5735681210432,45.5683148025702
368,Rosemont–La Petite-Patrie,de la Louisiane,,rue de Bellechasse/35e ave,Approximate Location,-73.5725048793367,45.5684934692544
369,Rosemont–La Petite-Patrie,de la Louisiane,,rue de Bellechasse/35e ave,Approximate Location,-73.5723597039084,45.5684761945326
370,Rosemont–La Petite-Patrie,Luc-Durand,,ave De Chateaubriand/rue des Ateliers,,-73.5963593173862,45.5319815667106
371,Rosemont–La Petite-Patrie,Maisonneuve,,rue Sherbrooke Est/rue Viau,,-73.5649249001007,45.5681756186515
372,Rosemont–La Petite-Patrie,Maisonneuve,,rue Sherbrooke Est/rue Viau,,-73.5577955502424,45.5623333217971
373,Rosemont–La Petite-Patrie,Maisonneuve,,rue Sherbrooke Est/rue Viau,,-73.5555218446949,45.5616248406435
374,Rosemont–La Petite-Patrie,Molson,,rue d'Iberville/ave Elsdale,Approximate Location,-73.5920871896442,45.5497188093937
375,Rosemont–La Petite-Patrie,Montcalm,,rue Cartier/rue Saint-Zotique Est,,-73.6016620067772,45.5462053787496
376,Rosemont–La Petite-Patrie,Mozart,,ave Mozart Ouest/rue Waverly,,-73.616974165899,45.5313833612507
377,Rosemont–La Petite-Patrie,du Pélican,,rue Laurier Est/1ere ave,,-73.5745021659334,45.5441552572935
378,Rosemont–La Petite-Patrie,du Pélican,,rue Molson/boul Saint-Joseph,,-73.5726341673704,45.5429579678978
379,Rosemont–La Petite-Patrie,Père-Marquette (sud),Dog Park,rue Garnier/boul Rosemont,Restricted Access,-73.5905792728304,45.5383132368199
380,Rosemont–La Petite-Patrie,Père-Marquette (centre),,boul Rosemont/rue Chambord,,-73.5923869348099,45.5403725965631
381,Rosemont–La Petite-Patrie,Père-Marquette (centre),,boul Rosemont/rue Chambord,,-73.5948503826016,45.5390125433111
382,Rosemont–La Petite-Patrie,Père-Marquette (centre),,boul Rosemont/rue Chambord,Approximate Location,-73.5938602786908,45.5389093399205
383,Rosemont–La Petite-Patrie,Père-Marquette (centre),,boul Rosemont/rue Chambord,Approximate Location,-73.5937177627133,45.5389094569297
384,Rosemont–La Petite-Patrie,Père-Marquette (nord),,rue De Drucourt/rue De Lanaudière,,-73.5964445950522,45.5397767000744
385,Rosemont–La Petite-Patrie,de la Petite-Italie,,rue Clark/rue Saint-Zotique Ouest,Approximate Location,-73.6119651519854,45.5313953993685
386,Rosemont–La Petite-Patrie,Richard-Angus,,rue Ernest-Gendreau/ave du Mont-Royal Est,,-73.5635420125141,45.5497369940234
387,Rosemont–La Petite-Patrie,Rosemont,,rue Dandurand/place Basile-Patenaude,,-73.580346884987,45.5457650625458
388,Rosemont–La Petite-Patrie,Saint-Édouard,,rue Boyer/rue Saint-Zotique Est,,-73.6068698015766,45.5387532160116
389,Rosemont–La Petite-Patrie,Saint-Émile,,rue Rachel Est/rue Saint-Germain,,-73.5586903197493,45.5455896361678
390,Rosemont–La Petite-Patrie,Saint-Émile,,rue Rachel Est/rue Saint-Germain,,-73.5592328898457,45.5458061266843
391,Rosemont–La Petite-Patrie,Soeur-Madeleine-Gagnon (Saint-Jean-De-La-Croix),,rue Saint-Dominique/rue Saint-Zotique Est,,-73.6106000094739,45.5316115207103
392,Rosemont–La Petite-Patrie,Raymond-Lévesque (Saint-Zotique/23e avenue),,rue Saint-Zotique Est/23e ave,,-73.584092936825,45.5646373009131
393,Rosemont–La Petite-Patrie,Sainte-Bernadette,,rue Bélanger/19e ave,,-73.5878272208381,45.5621800151337
394,Rosemont–La Petite-Patrie,Sainte-Bernadette,,rue Bélanger/19e ave,Approximate Location,-73.5879283257351,45.5614628598458
395,Rosemont–La Petite-Patrie,de l'Ukraine,Paddling Pool,rue de Bellechasse/12e ave,Restricted Access,-73.5823736320395,45.5551675303225
396,Rosemont–La Petite-Patrie,de l'Ukraine,,rue de Bellechasse/12e ave,Approximate Location,-73.5822322754457,45.5551125622756
397,Villeray–Saint-Michel–Parc-Extension,Le Goupillier (jardin),Community Garden,54e rue (#4161),Restricted Access,-73.6261720719409,45.5833468415968
398,Villeray–Saint-Michel–Parc-Extension,Champdoré (jardin),Community Garden,ave Charton (#9400),Restricted Access,-73.6417380813116,45.5650175512588
399,Villeray–Saint-Michel–Parc-Extension,De Lille (jardin),Community Garden,ave Bruchesi (#9400),Restricted Access,-73.6376615418056,45.5703898594061
400,Villeray–Saint-Michel–Parc-Extension,Le Michelois (jardin),Community Garden,,Restricted Access,-73.6192652314997,45.5683700863962
401,Villeray–Saint-Michel–Parc-Extension,Villeray(jardin),Community Garden,ave Christophe-Colomb (#8000),Restricted Access,-73.622936265893,45.5471345119634
402,Villeray–Saint-Michel–Parc-Extension,De Normandville,Community Garden,rue De Normandville (#7955),Restricted Access,-73.6202679710556,45.5484326662418
403,Villeray–Saint-Michel–Parc-Extension,Babylone,Community Garden,ave Ball (#435),Restricted Access,-73.6324122295634,45.5324091524558
404,Villeray–Saint-Michel–Parc-Extension,Jean-Rivard,,rue Jean-Rivard/2e ave,Approximate Location,-73.6170820096994,45.5634816619204
405,Villeray–Saint-Michel–Parc-Extension,George-Vernot,,13e ave/boul Robert,Approximate Location,-73.6159312601328,45.5693967181725
406,Villeray–Saint-Michel–Parc-Extension,George-Vernot,,13e ave/boul Robert,Approximate Location,-73.6143154435032,45.5679993766769
407,Villeray–Saint-Michel–Parc-Extension,George-Vernot,,13e ave/boul Robert,Approximate Location,-73.615715533006,45.5684083807586
408,Villeray–Saint-Michel–Parc-Extension,Parc-école-Montcalm,,boul Saint-Michel/rue Denis-Papin,Approximate Location,-73.622129862506,45.5698509737071
409,Villeray–Saint-Michel–Parc-Extension,Sainte-Lucie,,rue Legendre Est/16e ave,,-73.6248770067764,45.5749637291213
410,Villeray–Saint-Michel–Parc-Extension,Sainte-Lucie,,rue Legendre Est/16e ave,Approximate Location,-73.6258858248203,45.5751626544705
411,Villeray–Saint-Michel–Parc-Extension,Champdoré,,rue Champdoré/rue de Lille,Approximate Location,-73.634893831609,45.5685832379118
412,Villeray–Saint-Michel–Parc-Extension,Champdoré,,rue Champdoré/rue de Lille,Approximate Location,-73.6345995464046,45.5685804356186
413,Villeray–Saint-Michel–Parc-Extension,Ovila-Légaré,,boul Pie-IX/48e rue,,-73.6229262105659,45.5810548227385
414,Villeray–Saint-Michel–Parc-Extension,Ovila-Légaré,,boul Pie-IX/48e rue,,-73.6218848222252,45.5807119332884
415,Villeray–Saint-Michel–Parc-Extension,Ovila-Légaré,,boul Pie-IX/48e rue,Approximate Location,-73.6236501626927,45.5813221909809
416,Villeray–Saint-Michel–Parc-Extension,René-Goupil,,25e ave/boul Robert,,-73.610332981208,45.5773853911971
417,Villeray–Saint-Michel–Parc-Extension,François-Perrault,,rue François-Perrault/ave Musset,Approximate Location,-73.6006686163738,45.5623449781838
418,Villeray–Saint-Michel–Parc-Extension,Joseph-Robin,,ave Léonard-De Vinci/rue Everett,,-73.5964363825625,45.5644797050394
419,Villeray–Saint-Michel–Parc-Extension,du Bon-Air,,rue Everett/8e ave,,-73.6017188719595,45.5574970917145
420,Villeray–Saint-Michel–Parc-Extension,Gabriel-Sagard,,rue jean-Talon Est/rue Sagard,,-73.6035430378666,45.5514560308643
421,Villeray–Saint-Michel–Parc-Extension,Nicolas-Tillemont,,rue Tillemont/rue Louis-Hémon,,-73.6127910601221,45.555724100145
422,Villeray–Saint-Michel–Parc-Extension,CESM (Frédéric-Back),,ave Papineau/ave Émile-Journault,Approximate Location,-73.6220229819343,45.5602508569406
423,Villeray–Saint-Michel–Parc-Extension,CESM (Frédéric-Back),,ave Papineau/ave Émile-Journault,Approximate Location,-73.6213827482094,45.5606016644257
424,Villeray–Saint-Michel–Parc-Extension,CESM (Frédéric-Back),,ave Papineau/ave Émile-Journault,Approximate Location,-73.6206938969862,45.5603856242921
425,Villeray–Saint-Michel–Parc-Extension,Giovannina-Di Tomasso,,rue De Normanville/rue Tillemont,,-73.6199587775245,45.548174828427
426,Villeray–Saint-Michel–Parc-Extension,Villeray,,rue De Normanville/rue Tillemont,,-73.6206305948256,45.5480424749747
427,Villeray–Saint-Michel–Parc-Extension,De Normanville,,rue De Normanville/rue Everett,,-73.6156889429854,45.5460276343456
428,Villeray–Saint-Michel–Parc-Extension,De Normanville,,rue De Normanville/rue Everett,Approximate Location,-73.616069338972,45.5458646480595
429,Villeray–Saint-Michel–Parc-Extension,De Normanville,,rue De Normanville/rue Everett,Approximate Location,-73.6160113835079,45.5458300632341
430,Villeray–Saint-Michel–Parc-Extension,de Turin,,rue De Castelnaud Est/rue De Lanaudière,,-73.6111430841229,45.5459599807608
431,Villeray–Saint-Michel–Parc-Extension,Le Prévost,,ave Christophe-Colomb/rue Jean-Talon Est,,-73.6127669768494,45.543041299318
432,Villeray–Saint-Michel–Parc-Extension,Victorien-Pesant,,ave De Gaspé/rue De Castelnaud Est,,-73.6191633942114,45.5375891714437
433,Villeray–Saint-Michel–Parc-Extension,Victorien-Pesant,,ave De Gaspé/rue De Castelnaud Est,Approximate Location,-73.61913069279,45.5376866579621
434,Villeray–Saint-Michel–Parc-Extension,Villeray-Ouest,,ave Christophe-Colomb/rue Villeray,Approximate Location,-73.621290230788,45.5461181968853
435,Villeray–Saint-Michel–Parc-Extension,Jean-Marie_Lamonde,,ave De Chateaubriand/rue Villeray,,-73.621244368806,45.5431324081572
436,Villeray–Saint-Michel–Parc-Extension,Saint-Vincent-Ferrier,,ave Henri-Julien/rue Jarry Est,,-73.6313676467919,45.5418258100068
437,Villeray–Saint-Michel–Parc-Extension,des Rêves,,ave De Gaspé/rue Guizot Est,,-73.6331623007166,45.5416563624121
438,Villeray–Saint-Michel–Parc-Extension,Howard,,ave De L'Épée/rue de Liège Ouest,,-73.6426438041746,45.5335800318668
439,Villeray–Saint-Michel–Parc-Extension,Jarry,,rue Jarry Ouest/ave de l'Esplanade,,-73.6336139681262,45.5339893989269
440,Villeray–Saint-Michel–Parc-Extension,Jarry,,rue Jarry Ouest/ave de l'Esplanade,,-73.630716412024,45.5330585392605
441,Villeray–Saint-Michel–Parc-Extension,Jarry,,rue Jarry Ouest/boul Saint-Laurent,,-73.6302734766887,45.5377429717083
442,Villeray–Saint-Michel–Parc-Extension,Jarry,,boul Saint-Laurent/rue Villeray,,-73.6273756804245,45.5365399172527
443,Villeray–Saint-Michel–Parc-Extension,Jarry,,rue Jarry Ouest/boul Saint-Laurent,Approximate Location,-73.6323375031515,45.5347208334976
444,Villeray–Saint-Michel–Parc-Extension,Jarry,,rue Jarry Ouest/boul Saint-Laurent,Approximate Location,-73.6305323892848,45.5356984247767
445,Villeray–Saint-Michel–Parc-Extension,Jarry,,rue Jarry Ouest/boul Saint-Laurent,Approximate Location,-73.6262381960247,45.5367278062839
446,Villeray–Saint-Michel–Parc-Extension,Jarry,,rue Jarry Ouest/boul Saint-Laurent,Approximate Location,-73.6243036578376,45.5363424575949
447,Villeray–Saint-Michel–Parc-Extension,Jean-Valets,,ave Bloomfield/rue de Liège Ouest,,-73.6415563036635,45.532519035531
448,Villeray–Saint-Michel–Parc-Extension,Parc-école Sinclair-Laird,,rue de Liège Ouest/ave Stuart,,-73.6432180919895,45.5305233718329
449,Villeray–Saint-Michel–Parc-Extension,Barclay,,ave Wiseman/rue Jarry Ouest,Approximate Location,-73.6362952023537,45.5293407248877
450,Villeray–Saint-Michel–Parc-Extension,De Lestre,,ave Ball/ave Bloomfield,,-73.6333002774072,45.5303568476
451,Villeray–Saint-Michel–Parc-Extension,Saint-Roch,,ave Ball/rue Durocher,Approximate Location,-73.631615167919,45.5323827184915
452,Villeray–Saint-Michel–Parc-Extension,Ogilvy/Outremont,,ave d'Outremont/ave Ogilvy,,-73.6268298738134,45.5267007001119
453,Villeray–Saint-Michel–Parc-Extension,Birnam,,rue Birnam (face au #7002),,-73.6242335867096,45.5244642126329
454,Villeray–Saint-Michel–Parc-Extension,Champagneur,,ave Champagneur ( face au #7001),,-73.6229069357221,45.5262678463337
455,Villeray–Saint-Michel–Parc-Extension,Bloomfield,,ave Bloomfield/rue Jean-Talon Ouest,,-73.6236093652309,45.5271417322229
456,Villeray–Saint-Michel–Parc-Extension,Athéna,,rue Jean-Talon Ouest/ave De L'Épée,,-73.6240833444932,45.5276878706724
457,Côte-des-Neiges–Notre-Dame-de-Grâce,William-Bowie,Cabin,ave Patricia/ave Fielding,,-73.6491558120882,45.4579845299982
458,Côte-des-Neiges–Notre-Dame-de-Grâce,Loyola,,ave Doherty/ave Somerled,Approximate Location,-73.6447211709131,45.4599540673173
459,Côte-des-Neiges–Notre-Dame-de-Grâce,Loyola,Baseball,ave Doherty/ave Somerled,,-73.6459492163766,45.4607969239049
460,Côte-des-Neiges–Notre-Dame-de-Grâce,Loyola,Baseball/Soccer,ave Fielding/ave Coronation,,-73.6459823563478,45.4625395303201
461,Côte-des-Neiges–Notre-Dame-de-Grâce,Loyola,Water Playground,ave Doherty/ave Fielding,,-73.646959972098,45.4608245131598
462,Côte-des-Neiges–Notre-Dame-de-Grâce,Gilbert-Layton,Soccer,Chemin de la Côte-Saint-Luc/ave Rosedale,Non-Functional,-73.6513244162037,45.4666980699798
463,Côte-des-Neiges–Notre-Dame-de-Grâce,Gilbert-Layton,Cabin,ave de Chester/ave de Mayfair,,-73.650449136796,45.4658634465141
464,Côte-des-Neiges–Notre-Dame-de-Grâce,Coffee,Playground Module,rue Coffee/ave Elmhurst,,-73.639713059221,45.4551776884524
465,Côte-des-Neiges–Notre-Dame-de-Grâce,Trenholme,,rue Sherbrooke Ouest/ave King-Edward,,-73.6331996295958,45.4613152486457
466,Côte-des-Neiges–Notre-Dame-de-Grâce,Trenholme,,rue Sherbrooke Ouest/rue Park Row Est,Restricted Access (Dog Park),-73.6320084587962,45.4613480362014
467,Côte-des-Neiges–Notre-Dame-de-Grâce,Trenholme,Soccer,rue Sherbrooke Ouest/rue Park Row Est,,-73.6307551653141,45.4610040254168
468,Côte-des-Neiges–Notre-Dame-de-Grâce,Trenholme,Playground Module,rue Park Row Ouest/boul De Maisonneuve Ouest,,-73.6319680438752,45.4603581582062
469,Côte-des-Neiges–Notre-Dame-de-Grâce,Benny,Playground Module,ave Benny/ave de Monkland,,-73.6325440780968,45.4669546463596
470,Côte-des-Neiges–Notre-Dame-de-Grâce,de la Confédération,Playground Module,ave West Hill/ave Fielding,Approximate Location,-73.6392086593124,45.4718031104948
471,Côte-des-Neiges–Notre-Dame-de-Grâce,de la Confédération,Soccer,,Approximate Location,-73.6421061394931,45.473440685186
472,Côte-des-Neiges–Notre-Dame-de-Grâce,de la Confédération,Soccer,ave West Hill/ave Fielding,Approximate Location,-73.6400620606155,45.47261274029
473,Côte-des-Neiges–Notre-Dame-de-Grâce,Somerled,Tennis,ave de Hampton (face au #4915),,-73.6351504825351,45.4743406956899
474,Côte-des-Neiges–Notre-Dame-de-Grâce,Somerled,Cabin,ave de Hampton/ave Somerled,,-73.6340358604331,45.4737604374909
475,Côte-des-Neiges–Notre-Dame-de-Grâce,William-Hurst,Cabin,boul Grand/rue de Terrebonn,,-73.6312496325473,45.4698730000721
476,Côte-des-Neiges–Notre-Dame-de-Grâce,Herbert-Outerbridge,,ave Benny/rue Sherbrooke Ouest,,-73.6271312180279,45.4653974014459
477,Côte-des-Neiges–Notre-Dame-de-Grâce,Notre-Dame-de-Grâce,Playground Module,ave Marcil/Chemin de la Côte-Saint-Antoine,Approximate Location,-73.615383423971,45.4726359250784
478,Côte-des-Neiges–Notre-Dame-de-Grâce,Notre-Dame-de-Grâce,Cabin,ave Marcil/Chemin de la Côte-Saint-Antoine,,-73.6148285040251,45.4729625891178
479,Côte-des-Neiges–Notre-Dame-de-Grâce,Georges-Saint-Pierre,Playground Module/Soccer,ave d'Oxford (face au #966),,-73.607733232251,45.4685148029846
480,Côte-des-Neiges–Notre-Dame-de-Grâce,Maurice-Cullen,Cabin,chemin Circle/chemin Mira,,-73.6200774195206,45.4835032186848
481,Côte-des-Neiges–Notre-Dame-de-Grâce,Macdonald,Cabin,ave Clanranald/ave Isabella,,-73.6362740125446,45.4838602804565
482,Côte-des-Neiges–Notre-Dame-de-Grâce,Macdonald,Cabin,ave Clanranald/ave Isabella,,-73.6362378913752,45.4838937978177
483,Côte-des-Neiges–Notre-Dame-de-Grâce,Macdonald,Playground Module,ave Clanranald/ave Isabella,Approximate Location,-73.6354397933304,45.4833634777392
484,Côte-des-Neiges–Notre-Dame-de-Grâce,Mackenzie-King,Cabin,ave Saint-Kevin/ave de Westbury,,-73.6330458093401,45.4895286144072
485,Côte-des-Neiges–Notre-Dame-de-Grâce,Mackenzie-King,Playground Module,ave Saint-Kevin/ave de Westbury,,-73.6335709174683,45.4890681806789
486,Côte-des-Neiges–Notre-Dame-de-Grâce,Mackenzie-King,Soccer,rue Beaucourt/chemin de la Côte-Sainte-Catherine,,-73.6333299387297,45.4911493540221
487,Côte-des-Neiges–Notre-Dame-de-Grâce,Van Horne,,ave de Westbury/ave Van Horne,,-73.6394406554285,45.4911432279005
488,Côte-des-Neiges–Notre-Dame-de-Grâce,Van Horne,Water Playground,ave Van Horne/rue Lemieux,Approximate Location,-73.6381993877221,45.4921341158102
489,Côte-des-Neiges–Notre-Dame-de-Grâce,Nelson-Mandela,Playground Module,ave Barclay/rue Lemieux,Approximate Location,-73.6429241831644,45.4953476756889
490,Côte-des-Neiges–Notre-Dame-de-Grâce,Nelson-Mandela,,ave Victoria/rue Bouchette,,-73.6422161397431,45.4962203284726
491,Côte-des-Neiges–Notre-Dame-de-Grâce,Rosemary-Brown (Mclynn),Water Playground,place Kenmore,,-73.6476213509107,45.4898384316678
492,Côte-des-Neiges–Notre-Dame-de-Grâce,Rosemary-Brown (Mclynn),,ave Mclynn/ave Plamondon,,-73.6474701288036,45.4894453946461
493,Côte-des-Neiges–Notre-Dame-de-Grâce,Rosemary-Brown (Mclynn),Pétanque,ave Mclynn/rue Vézina,,-73.6490588291923,45.4901754466191
494,Côte-des-Neiges–Notre-Dame-de-Grâce,de la Savane,Community Garden,rue de la Savane/place de la Savane,,-73.6548791752758,45.498859840567
495,Côte-des-Neiges–Notre-Dame-de-Grâce,Roméo-Charrette,Playground Module,ave Glencoe/boul Laird,,-73.6416879327176,45.5064118906896
496,Côte-des-Neiges–Notre-Dame-de-Grâce,de Dunkerque,Playground Module,ave Kirkfield/rue de Tilly,,-73.6342492110173,45.5124310102667
497,Côte-des-Neiges–Notre-Dame-de-Grâce,de Kent,Pool,chemin Hudson/ave de Kent,Restricted Access,-73.6297982908987,45.5057272916214
498,Côte-des-Neiges–Notre-Dame-de-Grâce,de Kent,Baseball/Soccer,ave de Kent/ave Decelles,,-73.6321741489223,45.5030207194719
499,Côte-des-Neiges–Notre-Dame-de-Grâce,de Kent,Soccer,ave Appleton/ave Decelles,,-73.633068109282,45.5039956512988
500,Côte-des-Neiges–Notre-Dame-de-Grâce,de Kent,Tennis,ave Appleton/chemin Hudson,Approximate Location,-73.6315058176878,45.5057828385782
501,Côte-des-Neiges–Notre-Dame-de-Grâce,Mahatma-Gandhi,,ave Van Horne/ave Linton,Approximate Location,-73.6280734895352,45.5070253716403
502,Côte-des-Neiges–Notre-Dame-de-Grâce,place de Darlington,Playground Module,place de Darlington (face au #2795),,-73.6275412666725,45.5098124185075
503,Côte-des-Neiges–Notre-Dame-de-Grâce,Jean-Brillant,,ave Swail/ave Gatineau,,-73.6195884685307,45.4964237079328
504,Côte-des-Neiges–Notre-Dame-de-Grâce,Jean-Brillant,Water Playground,ave Decelles/rue Jean-Brillant,,-73.6195031452835,45.4972194393272
505,Côte-des-Neiges–Notre-Dame-de-Grâce,De Sousa-Mendes,Playground Module,rue Plantagenet/ave De Soissons,,-73.6219972834211,45.5088148800661
506,Mercier–Hochelaga-Maisonneuve,de la Promenade-Bellerive,Cabin,rue Bellerive/rue Mousseau,,-73.5095791187554,45.6003140046242
507,Mercier–Hochelaga-Maisonneuve,de la Promenade-Bellerive,,rue Bellerive/ave Mercier,,-73.5090365747883,45.5951562344791
508,Mercier–Hochelaga-Maisonneuve,Louis-Riel,Soccer,ave de Carignan/ave Pérodeau,,-73.5538810255407,45.5822530182144
509,Mercier–Hochelaga-Maisonneuve,Louis-Riel,Baseball,ave de Carignan/rue Gérin-Lajoie,,-73.5528070529468,45.5821309627958
510,Mercier–Hochelaga-Maisonneuve,Louis-Riel,Tennis,rue Gérin-Lajoie/ave Louis-Joseph-Doucet,,-73.5534649679647,45.5812050010457
511,Mercier–Hochelaga-Maisonneuve,Louis-Riel,Running Track,ave de Carignan/ave Pérodeau,,-73.5547179039095,45.5819490176114
512,Mercier–Hochelaga-Maisonneuve,Louis-Riel,Baseball,rue Du Quesne/rue Pierre-Bédard,,-73.5548950114825,45.5816979698972
513,Mercier–Hochelaga-Maisonneuve,Louis-Riel,,rue Du Quesne/rue Pierre-Bédard,Approximate Location,-73.5554104496017,45.5809595899697
514,Mercier–Hochelaga-Maisonneuve,Louis-Riel,,rue Du Quesne/rue Pierre-Bédard,Approximate Location,-73.5553687700059,45.5810560720294
515,Mercier–Hochelaga-Maisonneuve,Hector-Vinet,,rue Hochelaga/ave Hector,,-73.5149129556681,45.6104659990572
516,Mercier–Hochelaga-Maisonneuve,Saint-Victor,Baseball,ave Pierre-De Coubertin/rue Aubry,,-73.5184869805495,45.6078989922141
517,Mercier–Hochelaga-Maisonneuve,Saint-Victor,,rue Hochelaga/rue Taillon,Approximate Location,-73.5176385166422,45.6070442012042
518,Mercier–Hochelaga-Maisonneuve,Pierre-Bernard,Cabin,rue De Teck/boul Pierre-Bernard,,-73.5260869674062,45.6061109938564
519,Mercier–Hochelaga-Maisonneuve,Pierre-Bernard,,boul Pierre-Bernard/rue de Marseille,,-73.5249329446539,45.605890973965
520,Mercier–Hochelaga-Maisonneuve,Pierre-Bernard,Baseball,rue de Marseille/rue French,,-73.5247200043537,45.6050119794155
521,Mercier–Hochelaga-Maisonneuve,Sainte-Claire,Playground Module,ave Pierre-De Coubertin/ave Mercier,,-73.5237669275443,45.5997109390371
522,Mercier–Hochelaga-Maisonneuve,Clément-Jetté (Sud),,rue Notre-Dame Est/boul Pierre-Bernard,,-73.5111690893677,45.6019780012265
523,Mercier–Hochelaga-Maisonneuve,Pierre-Tétreault,,rue Notre-Dame Est/rue Baldwin,,-73.5111720271025,45.5980489933402
524,Mercier–Hochelaga-Maisonneuve,Honoré-Mercier,,rue Notre-Dame Est/rue Liébert,,-73.5100079250395,45.5925089475737
525,Mercier–Hochelaga-Maisonneuve,De La Bruère,,ave Dubuisson/rue Liébert,,-73.5199280985572,45.5944440792003
526,Mercier–Hochelaga-Maisonneuve,Liébert,Baseball,rue Liébert/rue Sainte-CLaire,,-73.5270690767212,45.5967219656138
527,Mercier–Hochelaga-Maisonneuve,Liébert,Playground Module,rue Cirier/ave Pierre-De Coubertin,,-73.5265450792913,45.5953529997929
528,Mercier–Hochelaga-Maisonneuve,Michel-Bourdon,Playground Module,rue Joseph-A.-Rodier,,-73.5380060842325,45.5956809885948
529,Mercier–Hochelaga-Maisonneuve,Radisson,,rue Radisson (face au #5260),,-73.5450329851459,45.5904429608722
530,Mercier–Hochelaga-Maisonneuve,Beauclerk,Cabin,ave Émile-Legrand/rue La Fontaine,,-73.5198399362237,45.5806790403871
531,Mercier–Hochelaga-Maisonneuve,Carlos-D'Alcantara,Cabin,rue De Contreceour,,-73.5335436444706,45.6135432313126
532,Mercier–Hochelaga-Maisonneuve,Carlos-D'Alcantara,Soccer,rue De Contreceour/rue Rousseau,,-73.5360762128935,45.6139961516469
533,Mercier–Hochelaga-Maisonneuve,Rougemont,Cabin,rue Bossuet/rue Ontario Est,,-73.5278900609871,45.5695520204248
534,Mercier–Hochelaga-Maisonneuve,Rougemont,,rue La Fontaine/ave Rougemont,,-73.5267329552429,45.5688309912816
535,Mercier–Hochelaga-Maisonneuve,Olivier-Guimond,,rue Dickson/rue Boileau,,-73.5418439827306,45.5712600524749
536,Mercier–Hochelaga-Maisonneuve,Thibodeau,,ave Pierre-De Coubertin/rue Lacordaire,,-73.5404969669424,45.572566014392
537,Mercier–Hochelaga-Maisonneuve,Jean-Amyot,,rue Du Quesne/ave Pierre-De Coubertin,,-73.5393619883193,45.5755949749593
538,Mercier–Hochelaga-Maisonneuve,Jean-Amyot,Bocce,rue Du Quesne/rue de Marseille,,-73.5401179780467,45.5758050026014
539,Mercier–Hochelaga-Maisonneuve,Jean-Amyot,Baseball,rue de Marseille/ave de la Pépinière,,-73.5405059417569,45.5768519995382
540,Mercier–Hochelaga-Maisonneuve,Saint-Donat,,rue Arcand/rue de Marseille,,-73.5370879277236,45.5833720748228
541,Mercier–Hochelaga-Maisonneuve,Saint-Donat,Soccer,rue Arcand/rue de Marseille,,-73.536235020468,45.5830440004458
542,Mercier–Hochelaga-Maisonneuve,Saint-Donat,,ave Parkville/ave Pierre-De Coubertin,,-73.5360939707286,45.5821069616719
543,Mercier–Hochelaga-Maisonneuve,Guillaume-Couture,,ave Rodolphe-Mathieu/ave Albani,,-73.5619410210712,45.5835679937209
544,Mercier–Hochelaga-Maisonneuve,Guillaume-Couture,Playground Module,rue Du Quesne/ave De Charette,,-73.5615330889512,45.5827140052139
545,Mercier–Hochelaga-Maisonneuve,Francesca-Cabrini,,ave Rodolphe-Mathieu/rue De Cadillac,,-73.563242059172,45.5822660361375
546,Mercier–Hochelaga-Maisonneuve,Pierre-Bédard,Cabin,rue Lacordaire/rue Gérin-Lajoie,,-73.5542769935438,45.5775970158668
547,Mercier–Hochelaga-Maisonneuve,rue Chauveau (Îlot de voirie),,rue Chauveau/boul de L'Assomption,,-73.5490679873834,45.568245978574
548,Mercier–Hochelaga-Maisonneuve,Théodore,,rue Théodore/rue Hochelaga,,-73.5445830385564,45.5608580259665
549,Mercier–Hochelaga-Maisonneuve,Théodore,,rue Théodore/rue Hochelaga,,-73.5436489749653,45.5605500136057
550,Mercier–Hochelaga-Maisonneuve,Saint-Clément,Baseball,rue Ontario Est/rue Ida-Steinberg,,-73.5342849735207,45.5608820070611
551,Mercier–Hochelaga-Maisonneuve,Saint-Clément,Playground Module,rue La Fontaine/rue Vimont,,-73.533244991666,45.5600739936212
552,Mercier–Hochelaga-Maisonneuve,Ovila-Pelletier,Playground Module,ave Bennett/rue Ontario Est,,-73.5396749509618,45.5549459447007
553,Mercier–Hochelaga-Maisonneuve,Morgan,Cabin,ave Morgan/rue Sainte-Catherinre Est,,-73.5330160200404,45.5514309678741
554,Mercier–Hochelaga-Maisonneuve,Morgan,,ave Morgan/rue Sainte-Catherinre Est,Approximate Location,-73.532476106583,45.5508541481727
555,Mercier–Hochelaga-Maisonneuve,Jacques-Blanchet,,ave Jeanne-D'Arc/rue Ontario Est,,-73.5409740099984,45.5488296655289
556,Mercier–Hochelaga-Maisonneuve,de Saint-Aloysius,Cabin,ave Valois/rue Drouin,,-73.5409366353322,45.5460364979809
557,Mercier–Hochelaga-Maisonneuve,Lalancette,,rue Hochelaga/rue Nicolet,,-73.548646978111,45.5489160093782
558,Mercier–Hochelaga-Maisonneuve,Lalancette,,rue Hochelaga/rue Nicolet,,-73.5488550276493,45.5485469879117
559,Mercier–Hochelaga-Maisonneuve,Lalancette,,rue Hochelaga/rue Nicolet,,-73.5495075764524,45.5488826156777
560,Mercier–Hochelaga-Maisonneuve,Edmond-Hamelin,,rue Sainte-Catherine Est/rue Joliette,,-73.5383459616175,45.5434609853184
561,Mercier–Hochelaga-Maisonneuve,Hochelaga,,rue Darling/rue Utilités publiques (La Fontaine),,-73.5441619136741,45.5422879274473
562,Mercier–Hochelaga-Maisonneuve,Hochelaga,,rue Darling/rue Utilités publiques,,-73.5435589454245,45.5418430096649
563,Mercier–Hochelaga-Maisonneuve,Square Dézéry,,rue Dézéry/rue John-Easton-Mills,,-73.5402330128322,45.5393319742965
564,Mercier–Hochelaga-Maisonneuve,Raymond-Préfontaine,,rue Dézéry/rue de Rouen,,-73.5525481806766,45.5421236667093
565,Mercier–Hochelaga-Maisonneuve,Raymond-Préfontaine,,rue de Rouen/rue Préfontaine,,-73.5522974600296,45.5413051101424
566,Mercier–Hochelaga-Maisonneuve,place Valois,,ave Valois/rue Ontario Est,,-73.5436560348929,45.5473350344335
567,Mercier–Hochelaga-Maisonneuve,Thomas-Chapais,Cabin,boul Pierre-Bernard/rue Tiffin,,-73.536360999169,45.6086619834248
568,Mercier–Hochelaga-Maisonneuve,Thomas-Chapais,Cabin,boul Pierre-Bernard/rue De Gadbois,,-73.5334370340459,45.6080439760825
569,Anjou,du Fort-Des Ormeaux,Cabin,"7775, ave Des Ormeaux",,-73.555593979747,45.6148687100366
570,Anjou,de Peterborough,,8400 boul de Châteauneuf,Approximate Location,-73.5554563599513,45.6106650613223
571,Anjou,Des Roseraies,Baseball,7070 ave de la Nantaise,,-73.5553388646129,45.5941799220371
572,Anjou,Des Roseraies,Baseball,7070 ave de la Nantaise,,-73.5552977376064,45.5941965887814
573,Anjou,Des Roseraies,Tennis,7070 ave de la Nantaise,Approximate Location,-73.5539308283716,45.5930454615199
574,Anjou,André-Laurendeau,,8361 ave André-Laurendeau,Approximate Location,-73.569581161709,45.6035333144783
575,Anjou,André-Laurendeau,,8361 ave André-Laurendeau,Approximate Location,-73.5705345265965,45.6049555363222
576,Anjou,André-Laurendeau,Paddling Poole,8361 ave André-Laurendeau,Approximate Location,-73.5706492008561,45.6051103256722
577,Anjou,Lucie-Bruneau,Baseball#1,7051 ave de l'Alsace,,-73.5841907230681,45.6041026106623
578,Anjou,Lucie-Bruneau,Baseball#1,7051 ave de l'Alsace,,-73.5841829194599,45.6041135043204
579,Anjou,Lucie-Bruneau,Baseball#2,7051 ave de l'Alsace,,-73.5847580323684,45.6056654604972
580,Anjou,Lucie-Bruneau,Baseball#2,7051 ave de l'Alsace,,-73.5847350894393,45.6056685369281
581,Anjou,d'Antioche,Pétanque,6995 place d'Antioche,,-73.5592931828694,45.5957052169838
582,Anjou,de Spalding,,7901 ave Spalding,Approximate Location,-73.5523032045821,45.6028478649371
583,Anjou,de Talcy,Cabin,8151 ave de Talcy,,-73.559408473375,45.607301143546
584,Anjou,de Talcy,Cabin,8151 ave de Talcy,,-73.5593414527856,45.6073288930364
585,Anjou,de Verdelles,,8441 place Verdelles,,-73.5497497750791,45.6082500359404
586,Anjou,du Bocage,Cabin,6200 ave du Bocage,,-73.551916090957,45.5925911714812
587,Anjou,du Bocage,Cabin / Pool,6200 ave du Bocage,Restricted Access,-73.551796064335,45.5925253584912
588,Anjou,Roger-Rousseau,Baseball,7501 ave Rondeau,,-73.5492090886832,45.6161122277952
589,Anjou,Roger-Rousseau,Baseball,7501 ave Rondeau,,-73.5503344665244,45.6176543975164
590,Anjou,Roger-Rousseau,,7501 ave Rondeau,Approximate Location,-73.5501053688075,45.6161179570206
591,Anjou,Goncourt,Tennis,7130 ave Goncourt,Approximate Location,-73.5571498065456,45.6026325540676
592,Anjou,Du Mail (Chénier),,5555 ave de l'Aréna,Approximate Location,-73.5436615249945,45.6027032030283
593,Anjou,Bibliothèque Jean-Corbeil,Backyard,7500 ave Goncourt,Approximate Location,-73.5581636755663,45.602384859811
594,Ville-Marie,place Jacques-Cartier,,place Jacques-Cartier/rue Notre-Dame Est,Near horse trough,-73.5533204713075,45.5079713384388
595,Ville-Marie,champ de mars,,rue Saint-Antoine Est/ave de l'Hôtel-de-ville,Approximate Location,-73.5554018162688,45.5085540755953
596,Ville-Marie,Charles-S.-Cambell,,rue Alexandre-DeSève/rue Gareau,Approximate Location,-73.5525567668808,45.5210991158927
597,Ville-Marie,square des Frères-Charron,,rue des Soeurs-Grises/rue Marguerite-D'Youville,,-73.5546955364541,45.4989390544394
598,Ville-Marie,Joe-Montferrand,,rue Frontenac/rue Sainte-Catherine Est,,-73.5455763721019,45.5302021006045
599,Ville-Marie,Médéric-Martin,,ave Gascon/rue de Rouen,,-73.5542614653836,45.5348515494671
600,Ville-Marie,Olivier-Robert,,rue Fullum/boul De Maisonneuve Est,,-73.5496665831198,45.5280209856489
601,Ville-Marie,Espace Pierre-Bourgault,,rue Alexandre-DeSève/rue La Fontaine,,-73.5591530198252,45.5233739255403
602,Ville-Marie,Berthier,,rue Berthier/rue de la Visitation,,-73.5624286179191,45.5228283191651
603,Ville-Marie,Brennan/Duke,Dog Park,rue Duke/rue Brennan,,-73.5538587300094,45.4954781122937
604,Ville-Marie,des Faubourgs,,rue Dorion/rue Ontario Est,,-73.5576037825965,45.5268462982269
605,Ville-Marie,des Royaux,,ave De Lorimier/rue de Rouen,,-73.559614089924,45.5296499751319
606,Ville-Marie,des Vétérans,,ave Papineau/rue Logan,Approximate Location,-73.5550066634906,45.5241007283337
607,Ville-Marie,Fleury-Mesplet,,rue de la Commune Est/rue Berri,,-73.550328020212,45.5108751364879
608,Ville-Marie,Jean-Narrache,,rue Saint-Timothée/rue Labrecque,,-73.5649941285869,45.52054093454
609,Ville-Marie,des Joyeux-Vikings,,rue Beaudry/rue Robin,Approximate Location,-73.5598414828981,45.5208538349453
610,Ville-Marie,Percy-Walters,Dog Park,ave du Docteur-Penfield/rue Redpath,Approximate Location,-73.585223349597,45.4997104206882
611,Ville-Marie,Percy-Walters,,ave du Docteur-Penfield/rue Redpath,Approximate Location,-73.5846682508461,45.4995283451997
612,Ville-Marie,Persillier-Lachapelle,,rue Alexandre-DeSève/rue Ontario Est (nord de),,-73.5618722453717,45.5246608755873
613,Ville-Marie,école Pierre-Dupuy,,ave De Lorimier/rue Ontario Est,Approximate Location / Private Property,-73.5580572942047,45.5289021110068
614,Ville-Marie,place d'Armes,,rue Notre-Dame Ouest/place d'Armes,,-73.557324008823,45.5046085777017
615,Ville-Marie,De La Dauversière,,rue Le Royer Est/Place Jacques-Cartier,,-73.5535586639057,45.5082706945016
616,Ville-Marie,De La Dauversière,,rue Le Royer Est/Place Jacques-Cartier,,-73.5531642337277,45.5084025256666
617,Ville-Marie,place de la Paix,,rue Juliette-Béliveau/rue Saint-Dominique,,-73.5619689043117,45.5093918742064
618,Ville-Marie,place D'Youville,,place D'Youville/rue Saint-Pierre,Approximate Location,-73.5551776091092,45.5016220658392
619,Ville-Marie,Raymond-Blain,,ure Panet (face au #1697),Approximate Location,-73.5588126232372,45.5215179114233
620,Ville-Marie,Sainte-Marie,,rue Dufresne/rue Provençale,Approximate Location,-73.551434882856,45.5294888303093
621,Ville-Marie,Saint-Jacques,,rue Saint-André/rue La Fayette,Approximate Location,-73.561892332165,45.5177622401209
622,Ville-Marie,Saint-Jacques/Lucien-L'Allier (Julia-Drummond),,rue Lucien-L'Allier/rue Saint-Jacques,,-73.5672749116833,45.493348715794
623,Ville-Marie,Abords du pont Jacques-Cartier,Skate Park,boul De Maisonneuve Est/ave De Lorimier,,-73.5516482688701,45.5249768502749
624,Ville-Marie,square Cabot,,ave Atwater/rue Sainte-Catherine Ouest,Approximate Location,-73.5840051340512,45.4893463754918
625,Ville-Marie,square Dalhousie,,rue Berri/rue Notre-Dame Est,Approximate Location,-73.5510406841283,45.5117833004814
626,Ville-Marie,square Phillips,,rue Sainte-Catherine Ouest/rue du Square-Phillips,Approximate Location,-73.5686639012603,45.5037990344848
627,Ville-Marie,Walter-Stewart,Cabin,rue D'Iberville/rue de Rouen,,-73.5565115468151,45.5332651236993
628,Ville-Marie,Jovette-Marchessault,,rue Plessis (face au #1600),,-73.5564111634079,45.5217333744981
629,Ville-Marie,Robert-Prévost,,rue Saint-Timothée (face au #1827),,-73.5621223103431,45.5190092043818
630,Ville-Marie,parc de la Presse,,rue Saint-Antoine Ouest/côte de la place d'Armes,Private Property,-73.5578891605291,45.5057715193462
631,Ville-Marie,près du parc du Mont-Royal,,ave des Pins Ouest/rue Peel,At the foot of a staircase,-73.5820034636704,45.5045921771973
632,Ville-Marie,,,rue McTavish/ave du Docteur-Penfield,Approximate Location,-73.5784361566779,45.5039171007063
633,Ville-Marie,promenade urbaine McTavish,,entre ave du Docteur-Penfield et rue De Maisonneuve Ouest,Approximate Location,-73.5772713187216,45.5034862399414
634,Ville-Marie,promenade urbaine McTavish,,entre ave du Docteur-Penfield et rue De Maisonneuve Ouest,Approximate Location,-73.5769276503248,45.5033348483559
635,Ville-Marie,Félix-Antoine-Savard,,rue Montcalm/rue Sherbrooke Est,Approximate Location,-73.5647546966534,45.5220489326522
636,Ville-Marie,place Émilie-Gamelin,,rue Saint-Hbert/rue Sainte-Catherine Est,,-73.5593449633479,45.5155107502772
637,Ville-Marie,trottoir coin nord/ouest,,rue Saint-Denis/rue Émery,,-73.5634272303944,45.5149703615811
638,Ville-Marie,place Vauquelin,,rue Notre-Dame Est/place Jacques-Cartier,,-73.5547311020058,45.5084411987751
639,Pierrefonds-Roxboro,Centre Sportif George-Springate,Tennis,rue Richmond/rue Anderson,,-73.8457848270335,45.4928238364379
640,Pierrefonds-Roxboro,Centre Sportif George-Springate,Soccer,rue Richmond/rue Anderson,,-73.8460995678303,45.4912367264217
641,Pierrefonds-Roxboro,Centre Sportif George-Springate,Baseball,rue Richmond/rue Anderson,,-73.8447543397919,45.4913705520527
642,Pierrefonds-Roxboro,Brook,Dog Park,rue Brook/rue Harvey,,-73.8413200592078,45.5104285751715
643,Saint-Laurent,Poirier,Playground Module,rue Trudeau/rue Hislop,,-73.6625668620967,45.5145838945213
644,Saint-Laurent,Poirier,Inside a Cabin,rue Trudeau/rue Hislop,Restricted Access,-73.6624729454178,45.5142382191323
645,Saint-Laurent,Raymond-Vidal,,rue Khalil-Gibran,,-73.668248109234,45.5276236214083
646,Saint-Laurent,Alexis-Nihon,Tennis,rue Nantel/carré Stewart,,-73.690800059002,45.4975808918864
647,Saint-Laurent,Gold,Pavilion,rue Dorais/rue du Collège,,-73.6860141779515,45.5008693457363
648,Saint-Laurent,Chamberland,Inside a Cabin,rue Dorais/rue de L'Église,Restricted Access,-73.6894600761789,45.5029434002203
649,Saint-Laurent,Chamberland,Inside a Cabin,rue Dorais/rue de L'Église,Restricted Access,-73.6893948464732,45.5029912900595
650,Saint-Laurent,Chamberland,Pool,rue Dorais/rue de L'Église,Restricted Access,-73.689450378035,45.5030659749366
651,Saint-Laurent,Houde,Playground Module,place Saint-Louis/rue Gratton,,-73.6802809117449,45.5011129471838
652,Saint-Laurent,Gohier,Pétanque,rue Beaudet/rue Buchanan,,-73.6807126566248,45.5083135272038
653,Saint-Laurent,Gohier,Interior Dog Park,rue Beaudet/rue Buchanan,,-73.6815085232466,45.5075888821344
654,Saint-Laurent,Gohier,Interior Dog Park,rue Beaudet/rue Buchanan,,-73.6816589685733,45.5075322228664
655,Saint-Laurent,Gohier,Cabin,rue Beaudet/rue Buchanan,,-73.6813101458397,45.5084213713471
656,Saint-Laurent,Gohier,Tennis,rue Beaudet/rue Buchanan,,-73.6813631243312,45.5078621252461
657,Saint-Laurent,Grou,Playground Module,rue Cartier/rue Saint-Germain,,-73.6725143634386,45.5091752937279
658,Saint-Laurent,Decelles,Inside a Cabin,rue Filiatrault/rue de L'Église,Restricted Access,-73.6774696416343,45.5136681713166
659,Saint-Laurent,Decelles,Outside a Cabin,rue Filiatrault/rue de L'Église,,-73.677570642707,45.5137143561899
660,Saint-Laurent,Decelles,Inside a Cabin,rue Filiatrault/rue de L'Église,Restricted Access,-73.677405916201,45.5137131723888
661,Saint-Laurent,Beaudet,Fountain,rue Gohier/rue Beaudet,,-73.6765360424267,45.5096016134188
662,Saint-Laurent,Gariépy,,rue Bourgoin/rue Hufford,,-73.6982529663293,45.5056073105
663,Saint-Laurent,Roland-Moreau,,rue Maheu/rue O'Grady,,-73.6964890091572,45.4981395893266
664,Saint-Laurent,Bourbonnière,Basketball,rue Cazeneuve/rue Modugno,,-73.7035979799655,45.5014274963629
665,Saint-Laurent,Bourbonnière,Paddling Poole,rue Cazeneuve/rue Modugno,Restricted Access,-73.7030633838721,45.5020406113586
666,Saint-Laurent,Bourbonnière,Inside a Cabin,rue Cazeneuve/rue Modugno,Restricted Access,-73.7026027605321,45.5023741013118
667,Saint-Laurent,Bourbonnière,Outside a Cabin,rue Cazeneuve/rue Modugno,Restricted Access,-73.7027521473479,45.5023175060711
668,Saint-Laurent,Tassé,Pavilion,rue Billeron/rue Véniard,,-73.693582096068,45.5090668471217
669,Saint-Laurent,Marcel-Laurin,Tennis,boul Thimens/rue Varin,,-73.7013161723786,45.5085387689844
670,Saint-Laurent,Marcel-Laurin,Tennis,boul Thimens/rue Varin,,-73.7013017965931,45.5085269164011
671,Saint-Laurent,Marcel-Laurin,Dog Park,boul Thimens/rue Varin,,-73.699683311725,45.5082522457285
672,Saint-Laurent,Marcel-Laurin,Running Track,rue Robert-Peary,,-73.7035810360306,45.5087975089578
673,Saint-Laurent,Marcel-Laurin,Soccer,boul Poirier,,-73.7074599882133,45.5088456904097
674,Saint-Laurent,Marcel-Laurin,Soccer,boul Poirier,,-73.7064658839616,45.5082599845165
675,Saint-Laurent,Marcel-Laurin,,boul Thimens/rue Samson,,-73.7054265651118,45.5067782881147
676,Saint-Laurent,Bélanger,,rue Cardinal/boul de la Côte-Vertue,,-73.6849310870455,45.5134050098486
677,Saint-Laurent,Hartenstein,Tennis,rue Cardinal/rue Tassé,,-73.6906899159788,45.5162361604742
678,Saint-Laurent,Hartenstein,Ski Slope,rue Cardinal/rue Tassé,,-73.6909986280761,45.5169511982506
679,Saint-Laurent,Hartenstein,Outside a Cabin,rue Gohier,,-73.691107069449,45.5177534949469
680,Saint-Laurent,Hartenstein,Inside a Cabin,rue Gohier,Restricted Access,-73.6911811166699,45.5178101509967
681,Saint-Laurent,Hartenstein,BBQ,rue Décarie/rue Deguire,,-73.6917693389719,45.51899794454
682,Saint-Laurent,Cousineau,Cabin,ave O'Brien/rue Lapointe,,-73.6905562474445,45.5214949620397
683,Saint-Laurent,Cousineau,Playground Module,ave O'Brien/rue Lapointe,,-73.6916407140079,45.5211898117047
684,Saint-Laurent,Cousineau,Dog Park,ave O'Brien/rue Lapointe,,-73.6916625494058,45.5217771907477
685,Saint-Laurent,Harris,Cabin,ave Sainte-Croix/rue Tassé,,-73.6850864674194,45.5191058808966
686,Saint-Laurent,Beaulac,Cabin,rue Elizabeth,,-73.6777013569383,45.5199072180595
687,Saint-Laurent,L'Archevêque,,rue Couvrette (face au #1275),,-73.6754382164202,45.5251269987987
688,Saint-Laurent,Saint-Laurent,Tennis,rue Dutrisac/croissant du Ruisseau,,-73.6884358873168,45.5275395533222
689,Saint-Laurent,Saint-Laurent,Playground Module,rue Dutrisac/place Dutrisac,,-73.6890790622582,45.5262012393035
690,Saint-Laurent,Saint-Laurent,Baseball,rue Poirier/rue Muir,,-73.6862314970658,45.5275410087539
691,Saint-Laurent,Saint-Laurent,,rue Poirier/rue Muir,Approximate Location,-73.6862503646768,45.5272841638709
692,Saint-Laurent,Saint-Laurent,,rue Poirier/rue Muir,Approximate Location,-73.686172270047,45.5273611374465
693,Saint-Laurent,Saint-Laurent,Inside a Cabin,rue Poirier/rue Barré,,-73.6874894214772,45.5274221519237
694,Saint-Laurent,Painter,Tennis,rue Meloche,Restricted Access,-73.6761991761614,45.5288286663448
695,Saint-Laurent,Painter,Cabin,rue Meloche,,-73.6759146963096,45.5291538566802
696,Saint-Laurent,Caron,,boul Montpellier/rue Muir,,-73.6720723516784,45.5206501956637
697,Saint-Laurent,Caron,,rue Muir/place Fortier,,-73.6714296673574,45.5214612881261
698,Saint-Laurent,Goulet,,rue Connaught/rue d'Oxford,,-73.7018510225909,45.521972723976
699,Saint-Laurent,Marlborough,Tennis (Inside),rue Beauzèle/rue Carroll,Restricted Access,-73.7200218115626,45.5230533524969
700,Saint-Laurent,Marlborough,Tennis (Outside),rue Beauzèle/rue Carroll,,-73.7200443791995,45.523063027299
701,Saint-Laurent,Marlborough,Pool,rue Beauzèle/rue Carroll,Restricted Access,-73.7209248943373,45.522259660292
702,Saint-Laurent,Noël-Nord,Outdoor Ice Rink,rue Baker/rue Geoffrion,,-73.7299267558719,45.517546708349
703,Saint-Laurent,Noël-Nord,Soccer,rue McCarthy,,-73.7283262977365,45.5171437303837
704,Saint-Laurent,Noël-Nord,Playground Module,rue Baker/rue Geoffrion,,-73.7294149948796,45.5176039773336
705,Saint-Laurent,Noël-Sud,Tennis,rue Noorduyn,,-73.7271828257003,45.5156630722198
706,Saint-Laurent,Noël-Sud,Playground Module,rue Matis,,-73.7268950711347,45.5151157308424
707,Saint-Laurent,Jerry-Shears,,rue Pierre-Dagenais/chemin du Bois-Franc,,-73.7250557096298,45.5081857286881
708,Saint-Laurent,Philippe-Laheurte,Soccer,ave Ernest-Hemingway/rue Robert-Choquette,,-73.7176408844989,45.5062052358166
709,Saint-Laurent,Philippe-Laheurte,Playground Module,ave Ernest-Hemingway/boul Cavendish,,-73.7158801622499,45.5067216671477
710,Saint-Laurent,Philippe-Laheurte,Pavilion,ave Ernest-Hemingway/rue John-Lyman,,-73.7246712146518,45.5018030005472
711,Saint-Laurent,Sir-Edmund-Hillary,,rue de l'Everest (face au #1600),,-73.702535656865,45.5119950659473
712,Saint-Laurent,Carré Square Magellan,,rue de l'Écu (face au #2724),,-73.7128423235836,45.511578866842
713,Saint-Laurent,Roman-Zytynsky,,rue Quenneville/rue Varry,,-73.6781430103311,45.5285997919296
714,Saint-Laurent,Robert-Mitchell,,rue Crevier/rue Saint-Louis,,-73.6735589391137,45.5052216034387
715,Saint-Laurent,Square du Nordet,,rue des Équinoxes/rue des Montérégiennes,,-73.7131557748133,45.5169059730845
716,Saint-Laurent,du Bois-Franc,,rues des Andes/rue Modigliani,,-73.7168641178332,45.5102450254455
717,Saint-Laurent,du Bois-Franc,,rue de l'Équatuer/rue du Chinook,,-73.7137302779272,45.513200613221
718,Saint-Laurent,Petit,,rue Poirier/chemin Laval,,-73.6950863619881,45.5203275111664
719,Saint-Laurent,Dr-Bernard-Paquet,,rue Jean-Gascon/rue Guy-Hoffmann,,-73.7333677379423,45.5072035191521
720,Saint-Laurent,Raymond-Lagacé,,rue Jean-Gascon/rue Pierre-Dagenais,,-73.7263573634741,45.5100370116338
721,Saint-Laurent,place Rodolphe-Rousseau,,boul Edouard-Laurin/rue Gohier,,-73.6823303139621,45.5131560652629
722,Saint-Laurent,Guillaume-Bruneau ou Henri-Thomas-Scott,,rue Jean-Gascon/rue Vittorio-Fiorucci,,-73.7289335123076,45.5090295436208
723,Saint-Laurent,bassin du Suroît,,rue de l'Équatuer/rue du Chinook,,-73.7131207952539,45.5134376903967
724,Montréal-Nord,Oscar,Shade,ave Oscar/rue de Mayenne,,-73.6478993194659,45.5819444876536
725,Montréal-Nord,Oscar,Inside a Cabin,ave Oscar/rue de Mayenne,Restricted Access,-73.6483181687252,45.5822640143526
726,Montréal-Nord,Oscar,Inside a Cabin,ave Oscar/rue de Mayenne,Restricted Access,-73.6482751958691,45.5822959241387
727,Montréal-Nord,Ottawa,Inside a Library,ave de Belleville/rue Fleury Est,Restricted Access,-73.6422926904389,45.5819273133318
728,Montréal-Nord,Ottawa,Inside a Cabin,ave de Belleville/rue Fleury Est,Restricted Access,-73.6422480710944,45.5814099662835
729,Montréal-Nord,Ottawa,Soccer,ave de Belleville/rue Prieur Est,,-73.6434654341296,45.5825169452518
730,Montréal-Nord,Ottawa,Playground Module,ave de Belleville/rue Fleury Est,,-73.6427309924654,45.5821988753156
731,Montréal-Nord,Ménard,Inside a Cabin,place Ménard/ave Plaza,Restricted Access,-73.6400859379683,45.5870388266198
732,Montréal-Nord,Ménard,Playground Module,place Ménard/ave Plaza,,-73.6400483485747,45.5869198252259
733,Montréal-Nord,Eusèbe-Ménard,Path,boul Gouin Est/ave de Bruxelles,,-73.6490095623476,45.5931808381646
734,Montréal-Nord,Sabrevois,Paddling Poole,ave des Récollets/rue Sabrevois,,-73.633293231421,45.5837728327133
735,Montréal-Nord,Pilon,Shade,rue Arthur-Champoux/ave Gariépy,,-73.6422835538294,45.5930212353444
736,Montréal-Nord,Pilon,Dog Park,rue Arthur-Champoux/ave Gariépy,,-73.6423040940278,45.5938457228688
737,Montréal-Nord,Maurice-Bélanger,Inside a Cabin,ave Hébert/rue Forest,Restricted Access,-73.6316579172469,45.5877718638569
738,Montréal-Nord,Maurice-Bélanger,,rue Forest/ave de l'Hôtel-de-Ville,,-73.6317064820244,45.588262035057
739,Montréal-Nord,Paul-Sauvé,Inside a Cabin,ave Éthier/rue de Bayonne,Restricted Access,-73.6352988408423,45.5994885989553
740,Montréal-Nord,Paul-Sauvé,Paddling Poole,ave Éthier/rue de Bayonne,,-73.6355078334792,45.5991373284035
741,Montréal-Nord,Paul-Sauvé,,boul Henri-Bourassa Est/ave Bellevois,,-73.6357435658829,45.6009988820841
742,Montréal-Nord,Aimé-Léonard,Path,boul Gouin Est/boul Sainte-Gertrude,,-73.6385572832696,45.6078687429063
743,Montréal-Nord,Aimé-Léonard,Playground Module,boul Gouin Est/boul Sainte-Gertrude,,-73.6391672721201,45.6075559416117
744,Montréal-Nord,Aimé-Léonard,Outside a Cabin,boul Gouin Est/boul Sainte-Gertrude,,-73.6393439963553,45.6086677317225
745,Montréal-Nord,Saint-Laurent,Inside a Cabin,ave Salk/rue de la Gare,Restricted Access,-73.6287936212261,45.606052529743
746,Montréal-Nord,Saint-Laurent,Soccer,ave Alfred/boul Henri-Bourassa Est,,-73.6289956000353,45.6046823154285
747,Montréal-Nord,Saint-Laurent,Path,rue de la Gare/ave Edger,,-73.6299027921314,45.6064363097501
748,Montréal-Nord,Charleroi,Inside a Cabin,ave Alfred/rue Louis-Francoeur,Restricted Access,-73.6234239546936,45.5994917876783
749,Montréal-Nord,Charleroi,Baseball,rue Louis-Francoeur (face au #5273),,-73.6225436709772,45.6001800237781
750,Montréal-Nord,Lacordaire,Inside a Cabin,boulevard Lacordaire (#12576),Restricted Access,-73.6320218369348,45.6161719768647
751,Montréal-Nord,Lacordaire,Playground Module,boulevard Lacordaire (#12576),,-73.6320039075628,45.6163452139267
752,Montréal-Nord,Henri-Bourassa,Outside a Cabin,ave Laurier/rue Pascal,,-73.6233671696083,45.6153413939226
753,Montréal-Nord,Henri-Bourassa,Soccer,ave Laurier/rue Pascal,,-73.6229819147581,45.6155981695257
754,Montréal-Nord,Henri-Bourassa,Playground Module,ave Laurier/rue Pascal,,-73.6238815881962,45.6155147734799
755,Montréal-Nord,Le Carignan,Inside a Cabin,ave P.-M.-Favier/rue Renoir,,-73.6158586163698,45.6096999695726
756,Montréal-Nord,Le Carignan,Inside a Community Centre,ave P.-M.-Favier/rue Renoir,,-73.6158288459282,45.6099363840953
757,Montréal-Nord,Monty,Inside a Cabin,ave Monty (entre le #12357 et le #12351),Street Access,-73.6198505960804,45.6211231825371
758,Montréal-Nord,Monty,Outside a Cabin,ave Monty (entre le #12357 et le #12351),Street Access,-73.6199366889405,45.6210253712561
759,Montréal-Nord,Tardif,Inside a Cabin,rue Tardif ( à l'est de #6453),Street Access,-73.6165172941125,45.6178466800687
760,Montréal-Nord,Tardif,Playground Module,rue Tardif ( à l'est de #6453),Street Access,-73.6167968584383,45.6182320595318
761,Montréal-Nord,Gouin,,boul Gouin Est (face au #6700),,-73.6228558790487,45.6271674367124
762,Montréal-Nord,Gouin,Dog Park,boul Gouin Est (face au #6700),,-73.6232144180064,45.6269728686784
763,Montréal-Nord,Calixa-Lavallée (école),Basketball,boul Henri-Bourassa Est/ave Pelletier,Private Property,-73.6387552080074,45.5986035216403
764,Montréal-Nord,Racette,,ave Racette (face au #11424),,-73.6290754695459,45.6026153222448
765,Montréal-Nord,piste cyclabe (boul Gouin),Bike Path,à la hauteur de l'intersection du boul Gouin Est et de l'ave,Approximate Location,-73.6438285408623,45.6002067689665
766,Saint-Laurent,Square du Rambler,,,,-73.7101459913431,45.5171298510797
769,Le Sud-Ouest,Angrignon,Path,chemin du parc Angrignon,Big Park,-73.6062248749791,45.4394744306387
770,L'Île-Bizard–Sainte-Geneviève,parc nature de Boisé-de-l'Île-Bizard,,,Big Park,-73.8999586819804,45.5164730454626
771,Saint-Laurent,parc nature du Bois-de-Liesse,,,Big Park,-73.7561180604378,45.5119903475464
772,Saint-Laurent,parc nature du Bois-de-Liesse,,,Big Park,-73.7560670239591,45.5119122657151
773,Saint-Laurent,parc nature du Bois-de-Liesse,,,Big Park,-73.7634306680711,45.506230834807
774,Saint-Laurent,parc nature du Bois-de-Liesse,,,Big Park,-73.7635425163926,45.5063679827899
775,Saint-Laurent,parc nature du Bois-de-Liesse,,,Big Park,-73.7681543430062,45.4996688952515
776,Saint-Laurent,parc nature du Bois-de-Liesse,,,Big Park,-73.7684272585848,45.4997188254738
778,Pierrefonds-Roxboro,parc nature du cap-Saint-Jacques,,,Big Park,-73.9384073436021,45.4641400163233
779,Pierrefonds-Roxboro,parc nature du cap-Saint-Jacques,,,Big Park,-73.9378447753638,45.4639372783707
780,Pierrefonds-Roxboro,parc nature du cap-Saint-Jacques,,,Big Park,-73.9376053053361,45.4627363567996
781,Pierrefonds-Roxboro,parc nature du cap-Saint-Jacques,,,Big Park,-73.9359948389611,45.4714929177739
782,Pierrefonds-Roxboro,parc nature du cap-Saint-Jacques,,,Big Park,-73.9352666530871,45.4710832043718
783,Rivière-des-Prairies–Pointe-aux-Trembles,parc nature du Ruissesau-De-Montigny,,,Big Park,-73.6045622819175,45.6200811746924
784,Plateau-Mont-Royal,Sir-Wilfrid-Laurier,,,Big Park /Approximate Location,-73.587113200291,45.5317565636143
785,Plateau-Mont-Royal,Sir-Wilfrid-Laurier,,,Big Park /Approximate Location,-73.5883385165854,45.5312243579536
786,Plateau-Mont-Royal,Sir-Wilfrid-Laurier,,,Big Park /Approximate Location,-73.5875932707014,45.5322227627523
787,Plateau-Mont-Royal,Sir-Wilfrid-Laurier,,,Big Park /Approximate Location,-73.5866539337464,45.5329103257953
788,Plateau-Mont-Royal,Sir-Wilfrid-Laurier,,,Big Park /Approximate Location,-73.589272774503,45.5332646451698
789,Ahuntsic-Cartierville,parc nature de l'Île-de-la-Visitation,,,Big Park,-73.6543580604167,45.5817081960568
790,Ahuntsic-Cartierville,parc nature de l'Île-de-la-Visitation,,,Big Park,-73.6572116336153,45.5792042146597
791,Ahuntsic-Cartierville,parc nature de l'Île-de-la-Visitation,,,Big Park,-73.657406423362,45.5787983925638
792,Ahuntsic-Cartierville,parc nature de l'Île-de-la-Visitation,,,Big Park,-73.6596679941887,45.5784620465188
793,Ahuntsic-Cartierville,parc nature de l'Île-de-la-Visitation,,,Big Park,-73.6603706028604,45.5764036879989
794,Ahuntsic-Cartierville,parc nature de l'Île-de-la-Visitation,,,Big Park,-73.6619875578576,45.575665704342
795,Ahuntsic-Cartierville,parc nature de l'Île-de-la-Visitation,,,Big Park,-73.6635338992989,45.5753787044645
796,Ahuntsic-Cartierville,parc nature de l'Île-de-la-Visitation,,,Big Park,-73.654095514485,45.5831212844373
797,Anjou,Du Mail (Chénier),Pool,5555 ave de l'Aréna,Restricted Access,-73.5433791844765,45.6029555321637
798,Lachine,René-Lévesque,,,Big Park,-73.6704415291883,45.4294602039142
799,Lachine,René-Lévesque,,,Big Park,-73.6705027735473,45.429384794671
800,LaSalle,des Rapides,Cabin,boul LaSalle/40e ave,Big Park,-73.6152995043729,45.415897079633
801,LaSalle,des Rapides,Cabin,boul LaSalle/boul Bishop-Power,Big Park,-73.5955370428475,45.4266640082063
802,Le Sud-Ouest,Angrignon,Path,chemin du parc Angrignon,Big Park,-73.6088457604698,45.4420151275477
803,Le Sud-Ouest,Angrignon,Path,chemin du parc Angrignon,Big Park,-73.6002845085684,45.4394150110186
804,Le Sud-Ouest,Angrignon,Path,,Big Park,-73.5965225994334,45.4454926170262
805,Le Sud-Ouest,Angrignon,Path,chemin du parc Angrignon,Big Park,-73.6009197316599,45.4455527062677
806,Le Sud-Ouest,Angrignon,Path,,Big Park,-73.5991896436921,45.4459389084864
807,Le Sud-Ouest,Angrignon,,,Big Park,-73.6000843921209,45.4450113702856
808,Le Sud-Ouest,Angrignon,,,Big Park,-73.5997762068996,45.4446619573138
809,Le Sud-Ouest,Angrignon,Path,chemin du parc Angrignon,Big Park,-73.6069953405232,45.4397216210676
810,Le Sud-Ouest,Angrignon,Path,chemin du parc Angrignon,Big Park,-73.5985289430859,45.4416553729242
811,Le Sud-Ouest,Angrignon,,,Big Park,-73.6012819390826,45.438507618873
812,Le Sud-Ouest,Angrignon,Path,chemin du parc Angrignon,Big Park,-73.6058689639818,45.4444342093047
813,Plateau-Mont-Royal,Jeanne-Mance,,,Big Park,-73.5854573792679,45.5157759402544
814,Plateau-Mont-Royal,Jeanne-Mance,,,Big Park,-73.584762948647,45.5150532553701
815,Plateau-Mont-Royal,Jeanne-Mance,,,Big Park,-73.5843534822615,45.5148701708428
816,Plateau-Mont-Royal,Jeanne-Mance,,,Big Park,-73.5833019774264,45.5148378283216
817,Plateau-Mont-Royal,Jeanne-Mance,,,Big Park,-73.5864517360189,45.5170090539287
818,Plateau-Mont-Royal,Jeanne-Mance,,,Big Park,-73.5868776186672,45.5176146836084
819,Plateau-Mont-Royal,Jeanne-Mance,,,Big Park,-73.58743074518,45.5178915025215
820,Plateau-Mont-Royal,Jeanne-Mance,,,Big Park,-73.5889359752777,45.5168907974043
821,Plateau-Mont-Royal,Jeanne-Mance,,,Big Park,-73.5808021323056,45.5139238555071
822,Plateau-Mont-Royal,La Fontaine,,,Big Park,-73.5676870151644,45.5292217427946
823,Plateau-Mont-Royal,La Fontaine,,,Big Park,-73.5698463258569,45.5291529550049
824,Plateau-Mont-Royal,La Fontaine,,,Big Park,-73.5708502130028,45.5283731662185
825,Plateau-Mont-Royal,La Fontaine,,,Big Park,-73.5703298808862,45.5278219763884
826,Plateau-Mont-Royal,La Fontaine,,,Big Park,-73.5709591887615,45.5277846938052
827,Plateau-Mont-Royal,La Fontaine,,,Big Park,-73.5673237794031,45.5281241538897
828,Plateau-Mont-Royal,La Fontaine,,,Big Park,-73.5676785515887,45.5275020654384
829,Plateau-Mont-Royal,La Fontaine,,,Big Park,-73.5661515194689,45.5271763183111
830,Plateau-Mont-Royal,La Fontaine,,,Big Park,-73.5677271698308,45.5263038106635
831,Plateau-Mont-Royal,La Fontaine,,,Big Park,-73.5727505586166,45.526862311629
832,Plateau-Mont-Royal,La Fontaine,,,Big Park,-73.5719562703872,45.5250117550577
833,Plateau-Mont-Royal,La Fontaine,,,Big Park,-73.5709193542654,45.5251201143084
834,Plateau-Mont-Royal,La Fontaine,,,Big Park,-73.5669475633891,45.5226552404959
835,Plateau-Mont-Royal,Jeanne-Mance,,,Big Park,-73.5842776355914,45.5153342748984
836,Rivière-des-Prairies–Pointe-aux-Trembles,parc nature de la Pointe-aux-Prairies,,,Big Park,-73.5235073560208,45.6883651093504
837,Rivière-des-Prairies–Pointe-aux-Trembles,parc nature de la Pointe-aux-Prairies,,,Big Park,-73.5153158723665,45.6959665925681
838,Rivière-des-Prairies–Pointe-aux-Trembles,parc nature de la Pointe-aux-Prairies,,,Big Park,-73.5157495995575,45.6945075774194
839,Rivière-des-Prairies–Pointe-aux-Trembles,parc nature de la Pointe-aux-Prairies,,,Big Park,-73.4954817477005,45.6824996602096
840,Rivière-des-Prairies–Pointe-aux-Trembles,parc nature de la Pointe-aux-Prairies,,,Big Park,-73.5074559127872,45.6801844627021
841,Ville-Marie,du Mont-Royal,Cabin,,Big Park,-73.5874187076881,45.5034201653086
842,Ville-Marie,du Mont-Royal,Cabin,,Big Park,-73.586842424373,45.5037201625941
843,Ville-Marie,du Mont-Royal,Path,,Big Park,-73.5870945759392,45.5020969236876
844,Ville-Marie,du Mont-Royal,Street,,Big Park,-73.5917081726892,45.5027301319067
845,Ville-Marie,du Mont-Royal,Cabin,,Big Park,-73.5871622236582,45.5043897620654
846,Ville-Marie,du Mont-Royal,Cabin,,Big Park,-73.5880048385643,45.5041880911219
847,Ville-Marie,du Mont-Royal,Cabin,près du lac des castors,Big Park,-73.5991495321484,45.4986181098056
848,Ville-Marie,du Mont-Royal,Street,,Big Park,-73.5892750088408,45.503999938189
849,Ville-Marie,du Mont-Royal,Path,près du lac des castors,Big Park,-73.5993592283718,45.4989688666521
850,Ville-Marie,du Mont-Royal,Parking Lot,,Big Park,-73.5934485576128,45.5014533736525
851,Ville-Marie,du Mont-Royal,,ave du Parc/rue Prince Arthur Ouest,Big Park,-73.5798477077722,45.5112074551243
852,Ville-Marie,du Mont-Royal,,près de rue Hill Parck Circle,Big Park,-73.5977101033573,45.4971794199827
853,Ville-Marie,du Mont-Royal,Path,près du lac des castors,Big Park,-73.5970222112183,45.4974653468355
854,Ville-Marie,du Mont-Royal,Path,près du lac des castors,Big Park,-73.5971580350051,45.4975779818353
855,Ville-Marie,du Mont-Royal,,ave des Pins Ouest/rue Peel,Big Park,-73.5830632860766,45.5051025221477
856,Ville-Marie,du Mont-Royal,,ave du Parc/ave Duluth Ouest,Big Park,-73.5857210456158,45.5142570807954
857,Ville-Marie,du Mont-Royal,,ave du Parc/ave Duluth Ouest,Big Park,-73.5850192841203,45.5139256537971
858,Villeray–Saint-Michel–Parc-Extension,Jarry,,,Big Park,-73.6240482953232,45.5343985453147
859,Villeray–Saint-Michel–Parc-Extension,Jarry,,,Big Park,-73.6298618084324,45.5347920624094
860,Ville-Marie,du Mont-Royal,Path,,Big Park / Horse Trough,-73.5871955288026,45.5020902778169
861,Montréal-Nord,parc nature de l'Île-de-la-Visitation,Path,ave Touchette/,,-73.6534253200919,45.5853383783977
